m_weather,m_trackTemperature,m_airTemperature,m_totalLaps,m_trackLength,m_sessionType,m_trackId,m_formula,m_sessionTimeLeft,m_sessionDuration,m_pitSpeedLimit,m_gamePaused,m_isSpectating,m_spectatorCarIndex,m_sliProNativeSupport,m_numMarshalZones,m_safetyCarStatus
2,30,21,99,4323,1,17,0,1674,1800,80,0,0,255,0,13,0,0
2,30,21,99,4323,1,17,0,1674,1800,80,0,0,255,0,13,0,0
2,30,21,99,4323,1,17,0,1673,1800,80,0,0,255,0,13,0,0
2,30,21,99,4323,1,17,0,1673,1800,80,0,0,255,0,13,0,0
2,30,21,99,4323,1,17,0,1672,1800,80,0,0,255,0,13,0,0
2,30,21,99,4323,1,17,0,1672,1800,80,0,0,255,0,13,0,0
2,30,21,99,4323,1,17,0,1671,1800,80,0,0,255,0,13,0,0
2,30,21,99,4323,1,17,0,1671,1800,80,0,0,255,0,13,0,0
2,30,21,99,4323,1,17,0,1670,1800,80,0,0,255,0,13,0,0
2,30,21,99,4323,1,17,0,1670,1800,80,0,0,255,0,13,0,0
2,30,21,99,4323,1,17,0,1669,1800,80,0,0,255,0,13,0,0
2,30,21,99,4323,1,17,0,1669,1800,80,0,0,255,0,13,0,0
2,30,21,99,4323,1,17,0,1668,1800,80,0,0,255,0,13,0,0
2,30,21,99,4323,1,17,0,1668,1800,80,0,0,255,0,13,0,0
2,30,21,99,4323,1,17,0,1667,1800,80,0,0,255,0,13,0,0
2,30,21,99,4323,1,17,0,1667,1800,80,0,0,255,0,13,0,0
2,30,21,99,4323,1,17,0,1666,1800,80,0,0,255,0,13,0,0
2,30,21,99,4323,1,17,0,1666,1800,80,0,0,255,0,13,0,0
2,30,21,99,4323,1,17,0,1665,1800,80,0,0,255,0,13,0,0
2,30,21,99,4323,1,17,0,1665,1800,80,0,0,255,0,13,0,0
2,30,21,99,4323,1,17,0,1664,1800,80,0,0,255,0,13,0,0
2,30,21,99,4323,1,17,0,1664,1800,80,0,0,255,0,13,0,0
2,30,21,99,4323,1,17,0,1663,1800,80,0,0,255,0,13,0,0
2,30,21,99,4323,1,17,0,1663,1800,80,0,0,255,0,13,0,0
2,30,21,99,4323,1,17,0,1662,1800,80,0,0,255,0,13,0,0
2,30,21,99,4323,1,17,0,1662,1800,80,0,0,255,0,13,0,0
2,30,21,99,4323,1,17,0,1661,1800,80,0,0,255,0,13,0,0
2,30,21,99,4323,1,17,0,1661,1800,80,0,0,255,0,13,0,0
2,30,21,99,4323,1,17,0,1660,1800,80,0,0,255,0,13,0,0
2,30,21,99,4323,1,17,0,1660,1800,80,0,0,255,0,13,0,0
2,30,21,99,4323,1,17,0,1659,1800,80,0,0,255,0,13,0,0
2,30,21,99,4323,1,17,0,1659,1800,80,0,0,255,0,13,0,0
2,30,21,99,4323,1,17,0,1658,1800,80,0,0,255,0,13,0,0
2,30,21,99,4323,1,17,0,1658,1800,80,0,0,255,0,13,0,0
2,30,21,99,4323,1,17,0,1657,1800,80,0,0,255,0,13,0,0
2,30,21,99,4323,1,17,0,1657,1800,80,0,0,255,0,13,0,0
2,30,21,99,4323,1,17,0,1656,1800,80,0,0,255,0,13,0,0
2,30,21,99,4323,1,17,0,1656,1800,80,0,0,255,0,13,0,0
2,30,21,99,4323,1,17,0,1655,1800,80,0,0,255,0,13,0,0
2,30,21,99,4323,1,17,0,1654,1800,80,0,0,255,0,13,0,0
2,30,21,99,4323,1,17,0,1654,1800,80,0,0,255,0,13,0,0
2,30,21,99,4323,1,17,0,1653,1800,80,0,0,255,0,13,0,0
2,30,21,99,4323,1,17,0,1653,1800,80,0,0,255,0,13,0,0
2,30,21,99,4323,1,17,0,1652,1800,80,0,0,255,0,13,0,0
2,30,21,99,4323,1,17,0,1652,1800,80,0,0,255,0,13,0,0
2,30,21,99,4323,1,17,0,1651,1800,80,0,0,255,0,13,0,0
2,30,21,99,4323,1,17,0,1651,1800,80,0,0,255,0,13,0,0
2,30,21,99,4323,1,17,0,1650,1800,80,0,0,255,0,13,0,0
2,30,21,99,4323,1,17,0,1650,1800,80,0,0,255,0,13,0,0
2,30,21,99,4323,1,17,0,1649,1800,80,0,0,255,0,13,0,0
2,30,21,99,4323,1,17,0,1649,1800,80,0,0,255,0,13,0,0
2,30,21,99,4323,1,17,0,1648,1800,80,0,0,255,0,13,0,0
2,30,21,99,4323,1,17,0,1648,1800,80,0,0,255,0,13,0,0
2,30,21,99,4323,1,17,0,1647,1800,80,0,0,255,0,13,0,0
2,30,21,99,4323,1,17,0,1647,1800,80,0,0,255,0,13,0,0
2,30,21,99,4323,1,17,0,1646,1800,80,0,0,255,0,13,0,0
2,30,21,99,4323,1,17,0,1646,1800,80,0,0,255,0,13,0,0
2,30,21,99,4323,1,17,0,1645,1800,80,0,0,255,0,13,0,0
2,30,21,99,4323,1,17,0,1645,1800,80,0,0,255,0,13,0,0
2,30,21,99,4323,1,17,0,1644,1800,80,0,0,255,0,13,0,0
2,30,21,99,4323,1,17,0,1644,1800,80,0,0,255,0,13,0,0
2,30,21,99,4323,1,17,0,1643,1800,80,0,0,255,0,13,0,0
2,30,21,99,4323,1,17,0,1643,1800,80,0,0,255,0,13,0,0
2,30,21,99,4323,1,17,0,1642,1800,80,0,0,255,0,13,0,0
2,30,21,99,4323,1,17,0,1642,1800,80,0,0,255,0,13,0,0
2,30,21,99,4323,1,17,0,1641,1800,80,0,0,255,0,13,0,0
2,30,21,99,4323,1,17,0,1641,1800,80,0,0,255,0,13,0,0
2,30,21,99,4323,1,17,0,1640,1800,80,0,0,255,0,13,0,0
2,30,21,99,4323,1,17,0,1640,1800,80,0,0,255,0,13,0,0
2,30,21,99,4323,1,17,0,1639,1800,80,0,0,255,0,13,0,0
2,30,21,99,4323,1,17,0,1639,1800,80,0,0,255,0,13,0,0
2,30,21,99,4323,1,17,0,1638,1800,80,0,0,255,0,13,0,0
2,30,21,99,4323,1,17,0,1638,1800,80,0,0,255,0,13,0,0
2,30,21,99,4323,1,17,0,1637,1800,80,0,0,255,0,13,0,0
2,30,21,99,4323,1,17,0,1637,1800,80,0,0,255,0,13,0,0
2,30,21,99,4323,1,17,0,1636,1800,80,0,0,255,0,13,0,0
2,30,21,99,4323,1,17,0,1636,1800,80,0,0,255,0,13,0,0
2,30,21,99,4323,1,17,0,1635,1800,80,0,0,255,0,13,0,0
2,30,21,99,4323,1,17,0,1635,1800,80,0,0,255,0,13,0,0
2,30,21,99,4323,1,17,0,1634,1800,80,0,0,255,0,13,0,0
2,30,21,99,4323,1,17,0,1634,1800,80,0,0,255,0,13,0,0
2,30,21,99,4323,1,17,0,1633,1800,80,0,0,255,0,13,0,0
2,30,21,99,4323,1,17,0,1633,1800,80,0,0,255,0,13,0,0
2,30,21,99,4323,1,17,0,1632,1800,80,0,0,255,0,13,0,0
2,30,21,99,4323,1,17,0,1632,1800,80,0,0,255,0,13,0,0
2,30,21,99,4323,1,17,0,1631,1800,80,0,0,255,0,13,0,0
2,30,21,99,4323,1,17,0,1631,1800,80,0,0,255,0,13,0,0
2,30,21,99,4323,1,17,0,1630,1800,80,0,0,255,0,13,0,0
2,30,21,99,4323,1,17,0,1630,1800,80,0,0,255,0,13,0,0
2,30,21,99,4323,1,17,0,1629,1800,80,0,0,255,0,13,0,0
2,30,21,99,4323,1,17,0,1629,1800,80,0,0,255,0,13,0,0
2,30,21,99,4323,1,17,0,1628,1800,80,0,0,255,0,13,0,0
2,30,21,99,4323,1,17,0,1628,1800,80,0,0,255,0,13,0,0
2,30,21,99,4323,1,17,0,1627,1800,80,0,0,255,0,13,0,0
2,30,21,99,4323,1,17,0,1627,1800,80,0,0,255,0,13,0,0
2,30,21,99,4323,1,17,0,1626,1800,80,0,0,255,0,13,0,0
2,30,21,99,4323,1,17,0,1626,1800,80,0,0,255,0,13,0,0
2,30,21,99,4323,1,17,0,1625,1800,80,0,0,255,0,13,0,0
2,30,21,99,4323,1,17,0,1625,1800,80,0,0,255,0,13,0,0
2,30,21,99,4323,1,17,0,1624,1800,80,0,0,255,0,13,0,0
2,30,21,99,4323,1,17,0,1624,1800,80,0,0,255,0,13,0,0
2,30,21,99,4323,1,17,0,1623,1800,80,0,0,255,0,13,0,0
2,30,21,99,4323,1,17,0,1623,1800,80,0,0,255,0,13,0,0
2,30,21,99,4323,1,17,0,1622,1800,80,0,0,255,0,13,0,0
2,30,21,99,4323,1,17,0,1622,1800,80,0,0,255,0,13,0,0
2,30,21,99,4323,1,17,0,1621,1800,80,0,0,255,0,13,0,0
2,30,21,99,4323,1,17,0,1621,1800,80,0,0,255,0,13,0,0
2,30,21,99,4323,1,17,0,1620,1800,80,0,0,255,0,13,0,0
2,30,21,99,4323,1,17,0,1620,1800,80,0,0,255,0,13,0,0
2,30,21,99,4323,1,17,0,1619,1800,80,0,0,255,0,13,0,0
2,30,21,99,4323,1,17,0,1619,1800,80,0,0,255,0,13,0,0
2,30,21,99,4323,1,17,0,1618,1800,80,0,0,255,0,13,0,0
2,30,21,99,4323,1,17,0,1618,1800,80,0,0,255,0,13,0,0
2,30,21,99,4323,1,17,0,1617,1800,80,0,0,255,0,13,0,0
2,30,21,99,4323,1,17,0,1617,1800,80,0,0,255,0,13,0,0
2,30,21,99,4323,1,17,0,1616,1800,80,0,0,255,0,13,0,0
2,30,21,99,4323,1,17,0,1616,1800,80,0,0,255,0,13,0,0
2,30,21,99,4323,1,17,0,1615,1800,80,0,0,255,0,13,0,0
2,30,21,99,4323,1,17,0,1615,1800,80,0,0,255,0,13,0,0
2,30,21,99,4323,1,17,0,1614,1800,80,0,0,255,0,13,0,0
2,30,21,99,4323,1,17,0,1614,1800,80,0,0,255,0,13,0,0
2,30,21,99,4323,1,17,0,1613,1800,80,0,0,255,0,13,0,0
2,30,21,99,4323,1,17,0,1613,1800,80,0,0,255,0,13,0,0
2,30,21,99,4323,1,17,0,1612,1800,80,0,0,255,0,13,0,0
2,30,21,99,4323,1,17,0,1612,1800,80,0,0,255,0,13,0,0
2,30,21,99,4323,1,17,0,1611,1800,80,0,0,255,0,13,0,0
2,30,21,99,4323,1,17,0,1611,1800,80,0,0,255,0,13,0,0
2,30,21,99,4323,1,17,0,1610,1800,80,0,0,255,0,13,0,0
2,30,21,99,4323,1,17,0,1610,1800,80,0,0,255,0,13,0,0
2,30,21,99,4323,1,17,0,1609,1800,80,0,0,255,0,13,0,0
2,30,21,99,4323,1,17,0,1609,1800,80,0,0,255,0,13,0,0
2,30,21,99,4323,1,17,0,1608,1800,80,0,0,255,0,13,0,0
2,30,21,99,4323,1,17,0,1608,1800,80,0,0,255,0,13,0,0
2,30,21,99,4323,1,17,0,1607,1800,80,0,0,255,0,13,0,0
2,30,21,99,4323,1,17,0,1607,1800,80,0,0,255,0,13,0,0
2,30,21,99,4323,1,17,0,1606,1800,80,0,0,255,0,13,0,0
2,30,21,99,4323,1,17,0,1606,1800,80,0,0,255,0,13,0,0
2,30,21,99,4323,1,17,0,1605,1800,80,0,0,255,0,13,0,0
2,30,21,99,4323,1,17,0,1605,1800,80,0,0,255,0,13,0,0
2,30,21,99,4323,1,17,0,1604,1800,80,0,0,255,0,13,0,0
2,30,21,99,4323,1,17,0,1604,1800,80,0,0,255,0,13,0,0
2,30,21,99,4323,1,17,0,1603,1800,80,0,0,255,0,13,0,0
2,30,21,99,4323,1,17,0,1603,1800,80,0,0,255,0,13,0,0
2,30,21,99,4323,1,17,0,1602,1800,80,0,0,255,0,13,0,0
2,30,21,99,4323,1,17,0,1602,1800,80,0,0,255,0,13,0,0
2,30,21,99,4323,1,17,0,1601,1800,80,0,0,255,0,13,0,0
2,30,21,99,4323,1,17,0,1601,1800,80,0,0,255,0,13,0,0
2,30,21,99,4323,1,17,0,1600,1800,80,0,0,255,0,13,0,0
2,30,21,99,4323,1,17,0,1600,1800,80,0,0,255,0,13,0,0
2,30,21,99,4323,1,17,0,1599,1800,80,0,0,255,0,13,0,0
2,30,21,99,4323,1,17,0,1599,1800,80,0,0,255,0,13,0,0
2,30,21,99,4323,1,17,0,1598,1800,80,0,0,255,0,13,0,0
2,30,21,99,4323,1,17,0,1597,1800,80,0,0,255,0,13,0,0
2,30,21,99,4323,1,17,0,1597,1800,80,0,0,255,0,13,0,0
2,30,21,99,4323,1,17,0,1596,1800,80,0,0,255,0,13,0,0
2,30,21,99,4323,1,17,0,1596,1800,80,0,0,255,0,13,0,0
2,30,21,99,4323,1,17,0,1595,1800,80,0,0,255,0,13,0,0
2,30,21,99,4323,1,17,0,1595,1800,80,0,0,255,0,13,0,0
2,30,21,99,4323,1,17,0,1594,1800,80,0,0,255,0,13,0,0
2,30,21,99,4323,1,17,0,1594,1800,80,0,0,255,0,13,0,0
2,30,21,99,4323,1,17,0,1593,1800,80,0,0,255,0,13,0,0
2,30,21,99,4323,1,17,0,1593,1800,80,0,0,255,0,13,0,0
2,30,21,99,4323,1,17,0,1592,1800,80,0,0,255,0,13,0,0
2,30,21,99,4323,1,17,0,1592,1800,80,0,0,255,0,13,0,0
2,30,21,99,4323,1,17,0,1591,1800,80,0,0,255,0,13,0,0
2,30,21,99,4323,1,17,0,1591,1800,80,0,0,255,0,13,0,0
2,30,21,99,4323,1,17,0,1590,1800,80,0,0,255,0,13,0,0
2,30,21,99,4323,1,17,0,1590,1800,80,0,0,255,0,13,0,0
2,30,21,99,4323,1,17,0,1589,1800,80,0,0,255,0,13,0,0
2,30,21,99,4323,1,17,0,1589,1800,80,0,0,255,0,13,0,0
2,30,21,99,4323,1,17,0,1588,1800,80,0,0,255,0,13,0,0
2,30,21,99,4323,1,17,0,1588,1800,80,0,0,255,0,13,0,0
2,30,21,99,4323,1,17,0,1587,1800,80,0,0,255,0,13,0,0
2,30,21,99,4323,1,17,0,1587,1800,80,0,0,255,0,13,0,0
2,30,21,99,4323,1,17,0,1586,1800,80,0,0,255,0,13,0,0
2,30,21,99,4323,1,17,0,1586,1800,80,0,0,255,0,13,0,0
2,30,21,99,4323,1,17,0,1585,1800,80,0,0,255,0,13,0,0
2,30,21,99,4323,1,17,0,1585,1800,80,0,0,255,0,13,0,0
2,30,21,99,4323,1,17,0,1584,1800,80,0,0,255,0,13,0,0
2,30,21,99,4323,1,17,0,1584,1800,80,0,0,255,0,13,0,0
2,30,21,99,4323,1,17,0,1583,1800,80,0,0,255,0,13,0,0
2,30,21,99,4323,1,17,0,1583,1800,80,0,0,255,0,13,0,0
2,30,21,99,4323,1,17,0,1582,1800,80,0,0,255,0,13,0,0
2,30,21,99,4323,1,17,0,1582,1800,80,0,0,255,0,13,0,0
2,30,21,99,4323,1,17,0,1581,1800,80,0,0,255,0,13,0,0
2,30,21,99,4323,1,17,0,1581,1800,80,0,0,255,0,13,0,0
2,30,21,99,4323,1,17,0,1580,1800,80,0,0,255,0,13,0,0
2,30,21,99,4323,1,17,0,1580,1800,80,0,0,255,0,13,0,0
2,30,21,99,4323,1,17,0,1579,1800,80,0,0,255,0,13,0,0
2,30,21,99,4323,1,17,0,1579,1800,80,0,0,255,0,13,0,0
2,30,21,99,4323,1,17,0,1578,1800,80,0,0,255,0,13,0,0
2,30,21,99,4323,1,17,0,1578,1800,80,0,0,255,0,13,0,0
2,30,21,99,4323,1,17,0,1577,1800,80,0,0,255,0,13,0,0
2,30,21,99,4323,1,17,0,1577,1800,80,0,0,255,0,13,0,0
2,30,21,99,4323,1,17,0,1576,1800,80,0,0,255,0,13,0,0
2,30,21,99,4323,1,17,0,1576,1800,80,0,0,255,0,13,0,0
2,30,21,99,4323,1,17,0,1575,1800,80,0,0,255,0,13,0,0
2,30,21,99,4323,1,17,0,1575,1800,80,0,0,255,0,13,0,0
2,30,21,99,4323,1,17,0,1574,1800,80,0,0,255,0,13,0,0
2,30,21,99,4323,1,17,0,1574,1800,80,0,0,255,0,13,0,0
2,30,21,99,4323,1,17,0,1573,1800,80,0,0,255,0,13,0,0
2,30,21,99,4323,1,17,0,1573,1800,80,0,0,255,0,13,0,0
2,30,21,99,4323,1,17,0,1572,1800,80,0,0,255,0,13,0,0
2,30,21,99,4323,1,17,0,1572,1800,80,0,0,255,0,13,0,0
2,30,21,99,4323,1,17,0,1571,1800,80,0,0,255,0,13,0,0
2,30,21,99,4323,1,17,0,1571,1800,80,0,0,255,0,13,0,0
2,30,21,99,4323,1,17,0,1570,1800,80,0,0,255,0,13,0,0
2,30,21,99,4323,1,17,0,1570,1800,80,0,0,255,0,13,0,0
2,30,21,99,4323,1,17,0,1569,1800,80,0,0,255,0,13,0,0
2,30,21,99,4323,1,17,0,1569,1800,80,0,0,255,0,13,0,0
2,30,21,99,4323,1,17,0,1568,1800,80,0,0,255,0,13,0,0
2,30,21,99,4323,1,17,0,1568,1800,80,0,0,255,0,13,0,0
2,30,21,99,4323,1,17,0,1567,1800,80,0,0,255,0,13,0,0
2,30,21,99,4323,1,17,0,1567,1800,80,0,0,255,0,13,0,0
2,30,21,99,4323,1,17,0,1566,1800,80,0,0,255,0,13,0,0
2,30,21,99,4323,1,17,0,1566,1800,80,0,0,255,0,13,0,0
2,30,21,99,4323,1,17,0,1565,1800,80,0,0,255,0,13,0,0
2,30,21,99,4323,1,17,0,1565,1800,80,0,0,255,0,13,0,0
2,30,21,99,4323,1,17,0,1564,1800,80,0,0,255,0,13,0,0
2,30,21,99,4323,1,17,0,1564,1800,80,0,0,255,0,13,0,0
2,30,21,99,4323,1,17,0,1563,1800,80,0,0,255,0,13,0,0
2,30,21,99,4323,1,17,0,1563,1800,80,0,0,255,0,13,0,0
2,30,21,99,4323,1,17,0,1562,1800,80,0,0,255,0,13,0,0
2,30,21,99,4323,1,17,0,1562,1800,80,0,0,255,0,13,0,0
2,30,21,99,4323,1,17,0,1561,1800,80,0,0,255,0,13,0,0
2,30,21,99,4323,1,17,0,1561,1800,80,0,0,255,0,13,0,0
2,30,21,99,4323,1,17,0,1560,1800,80,0,0,255,0,13,0,0
2,30,21,99,4323,1,17,0,1560,1800,80,0,0,255,0,13,0,0
2,30,21,99,4323,1,17,0,1559,1800,80,0,0,255,0,13,0,0
2,30,21,99,4323,1,17,0,1559,1800,80,0,0,255,0,13,0,0
2,30,21,99,4323,1,17,0,1558,1800,80,0,0,255,0,13,0,0
2,30,21,99,4323,1,17,0,1558,1800,80,0,0,255,0,13,0,0
2,30,21,99,4323,1,17,0,1557,1800,80,0,0,255,0,13,0,0
2,30,21,99,4323,1,17,0,1557,1800,80,0,0,255,0,13,0,0
2,30,21,99,4323,1,17,0,1556,1800,80,0,0,255,0,13,0,0
2,30,21,99,4323,1,17,0,1556,1800,80,0,0,255,0,13,0,0
2,30,21,99,4323,1,17,0,1555,1800,80,0,0,255,0,13,0,0
2,30,21,99,4323,1,17,0,1555,1800,80,0,0,255,0,13,0,0
2,30,21,99,4323,1,17,0,1554,1800,80,0,0,255,0,13,0,0
2,30,21,99,4323,1,17,0,1554,1800,80,0,0,255,0,13,0,0
2,30,21,99,4323,1,17,0,1553,1800,80,0,0,255,0,13,0,0
2,30,21,99,4323,1,17,0,1553,1800,80,0,0,255,0,13,0,0
2,30,21,99,4323,1,17,0,1552,1800,80,0,0,255,0,13,0,0
2,30,21,99,4323,1,17,0,1552,1800,80,0,0,255,0,13,0,0
2,30,21,99,4323,1,17,0,1551,1800,80,0,0,255,0,13,0,0
2,30,21,99,4323,1,17,0,1551,1800,80,0,0,255,0,13,0,0
2,30,21,99,4323,1,17,0,1550,1800,80,0,0,255,0,13,0,0
2,30,21,99,4323,1,17,0,1549,1800,80,0,0,255,0,13,0,0
2,30,21,99,4323,1,17,0,1549,1800,80,0,0,255,0,13,0,0
2,30,21,99,4323,1,17,0,1549,1800,80,0,0,255,0,13,0,0
2,30,21,99,4323,1,17,0,1548,1800,80,0,0,255,0,13,0,0
2,30,21,99,4323,1,17,0,1547,1800,80,0,0,255,0,13,0,0
2,30,21,99,4323,1,17,0,1547,1800,80,0,0,255,0,13,0,0
2,30,21,99,4323,1,17,0,1546,1800,80,0,0,255,0,13,0,0
2,30,21,99,4323,1,17,0,1546,1800,80,0,0,255,0,13,0,0
2,30,21,99,4323,1,17,0,1545,1800,80,0,0,255,0,13,0,0
2,30,21,99,4323,1,17,0,1545,1800,80,0,0,255,0,13,0,0
2,30,21,99,4323,1,17,0,1544,1800,80,0,0,255,0,13,0,0
2,30,21,99,4323,1,17,0,1544,1800,80,0,0,255,0,13,0,0
2,30,21,99,4323,1,17,0,1543,1800,80,0,0,255,0,13,0,0
2,30,21,99,4323,1,17,0,1543,1800,80,0,0,255,0,13,0,0
2,30,21,99,4323,1,17,0,1542,1800,80,0,0,255,0,13,0,0
2,30,21,99,4323,1,17,0,1542,1800,80,0,0,255,0,13,0,0
2,30,21,99,4323,1,17,0,1541,1800,80,0,0,255,0,13,0,0
2,30,21,99,4323,1,17,0,1541,1800,80,0,0,255,0,13,0,0
2,30,21,99,4323,1,17,0,1540,1800,80,0,0,255,0,13,0,0
2,30,21,99,4323,1,17,0,1540,1800,80,0,0,255,0,13,0,0
2,30,21,99,4323,1,17,0,1539,1800,80,0,0,255,0,13,0,0
2,30,21,99,4323,1,17,0,1539,1800,80,0,0,255,0,13,0,0
2,30,21,99,4323,1,17,0,1538,1800,80,0,0,255,0,13,0,0
2,30,21,99,4323,1,17,0,1538,1800,80,0,0,255,0,13,0,0
2,30,21,99,4323,1,17,0,1537,1800,80,0,0,255,0,13,0,0
2,30,21,99,4323,1,17,0,1537,1800,80,0,0,255,0,13,0,0
2,30,21,99,4323,1,17,0,1536,1800,80,0,0,255,0,13,0,0
2,30,21,99,4323,1,17,0,1536,1800,80,0,0,255,0,13,0,0
2,30,21,99,4323,1,17,0,1535,1800,80,0,0,255,0,13,0,0
2,30,21,99,4323,1,17,0,1535,1800,80,0,0,255,0,13,0,0
2,30,21,99,4323,1,17,0,1534,1800,80,0,0,255,0,13,0,0
2,30,21,99,4323,1,17,0,1534,1800,80,0,0,255,0,13,0,0
2,30,21,99,4323,1,17,0,1533,1800,80,0,0,255,0,13,0,0
2,30,21,99,4323,1,17,0,1533,1800,80,0,0,255,0,13,0,0
2,30,21,99,4323,1,17,0,1532,1800,80,0,0,255,0,13,0,0
2,30,21,99,4323,1,17,0,1532,1800,80,0,0,255,0,13,0,0
2,30,21,99,4323,1,17,0,1531,1800,80,0,0,255,0,13,0,0
2,30,21,99,4323,1,17,0,1531,1800,80,0,0,255,0,13,0,0
2,30,21,99,4323,1,17,0,1530,1800,80,0,0,255,0,13,0,0
2,30,21,99,4323,1,17,0,1530,1800,80,0,0,255,0,13,0,0
2,30,21,99,4323,1,17,0,1529,1800,80,0,0,255,0,13,0,0
2,30,21,99,4323,1,17,0,1529,1800,80,0,0,255,0,13,0,0
2,30,21,99,4323,1,17,0,1528,1800,80,0,0,255,0,13,0,0
2,30,21,99,4323,1,17,0,1528,1800,80,0,0,255,0,13,0,0
2,30,21,99,4323,1,17,0,1527,1800,80,0,0,255,0,13,0,0
2,30,21,99,4323,1,17,0,1527,1800,80,0,0,255,0,13,0,0
2,30,21,99,4323,1,17,0,1526,1800,80,0,0,255,0,13,0,0
2,30,21,99,4323,1,17,0,1526,1800,80,0,0,255,0,13,0,0
2,30,21,99,4323,1,17,0,1525,1800,80,0,0,255,0,13,0,0
2,30,21,99,4323,1,17,0,1525,1800,80,0,0,255,0,13,0,0
2,30,21,99,4323,1,17,0,1524,1800,80,0,0,255,0,13,0,0
2,30,21,99,4323,1,17,0,1524,1800,80,0,0,255,0,13,0,0
2,30,21,99,4323,1,17,0,1523,1800,80,0,0,255,0,13,0,0
2,30,21,99,4323,1,17,0,1523,1800,80,0,0,255,0,13,0,0
2,30,21,99,4323,1,17,0,1522,1800,80,0,0,255,0,13,0,0
2,30,21,99,4323,1,17,0,1522,1800,80,0,0,255,0,13,0,0
2,30,21,99,4323,1,17,0,1521,1800,80,0,0,255,0,13,0,0
2,30,21,99,4323,1,17,0,1521,1800,80,0,0,255,0,13,0,0
2,30,21,99,4323,1,17,0,1520,1800,80,0,0,255,0,13,0,0
2,30,21,99,4323,1,17,0,1520,1800,80,0,0,255,0,13,0,0
2,30,21,99,4323,1,17,0,1519,1800,80,0,0,255,0,13,0,0
2,30,21,99,4323,1,17,0,1519,1800,80,0,0,255,0,13,0,0
2,30,21,99,4323,1,17,0,1518,1800,80,0,0,255,0,13,0,0
2,30,21,99,4323,1,17,0,1518,1800,80,0,0,255,0,13,0,0
2,30,21,99,4323,1,17,0,1517,1800,80,0,0,255,0,13,0,0
2,30,21,99,4323,1,17,0,1517,1800,80,0,0,255,0,13,0,0
2,30,21,99,4323,1,17,0,1516,1800,80,0,0,255,0,13,0,0
2,30,21,99,4323,1,17,0,1516,1800,80,0,0,255,0,13,0,0
2,30,21,99,4323,1,17,0,1515,1800,80,0,0,255,0,13,0,0
2,30,21,99,4323,1,17,0,1515,1800,80,0,0,255,0,13,0,0
2,30,21,99,4323,1,17,0,1514,1800,80,0,0,255,0,13,0,0
2,30,21,99,4323,1,17,0,1514,1800,80,0,0,255,0,13,0,0
2,30,21,99,4323,1,17,0,1513,1800,80,0,0,255,0,13,0,0
2,30,21,99,4323,1,17,0,1513,1800,80,0,0,255,0,13,0,0
2,30,21,99,4323,1,17,0,1512,1800,80,0,0,255,0,13,0,0
2,30,21,99,4323,1,17,0,1512,1800,80,0,0,255,0,13,0,0
2,30,21,99,4323,1,17,0,1511,1800,80,0,0,255,0,13,0,0
2,30,21,99,4323,1,17,0,1511,1800,80,0,0,255,0,13,0,0
2,30,21,99,4323,1,17,0,1510,1800,80,0,0,255,0,13,0,0
2,30,21,99,4323,1,17,0,1510,1800,80,0,0,255,0,13,0,0
2,30,21,99,4323,1,17,0,1509,1800,80,0,0,255,0,13,0,0
2,30,21,99,4323,1,17,0,1509,1800,80,0,0,255,0,13,0,0
2,30,21,99,4323,1,17,0,1508,1800,80,0,0,255,0,13,0,0
2,30,21,99,4323,1,17,0,1508,1800,80,0,0,255,0,13,0,0
2,30,21,99,4323,1,17,0,1507,1800,80,0,0,255,0,13,0,0
2,30,21,99,4323,1,17,0,1507,1800,80,0,0,255,0,13,0,0
2,30,21,99,4323,1,17,0,1506,1800,80,0,0,255,0,13,0,0
2,30,21,99,4323,1,17,0,1506,1800,80,0,0,255,0,13,0,0
2,30,21,99,4323,1,17,0,1505,1800,80,0,0,255,0,13,0,0
2,30,21,99,4323,1,17,0,1505,1800,80,0,0,255,0,13,0,0
2,30,21,99,4323,1,17,0,1504,1800,80,0,0,255,0,13,0,0
2,30,21,99,4323,1,17,0,1504,1800,80,0,0,255,0,13,0,0
2,30,21,99,4323,1,17,0,1503,1800,80,0,0,255,0,13,0,0
2,30,21,99,4323,1,17,0,1503,1800,80,0,0,255,0,13,0,0
2,30,21,99,4323,1,17,0,1502,1800,80,0,0,255,0,13,0,0
2,30,21,99,4323,1,17,0,1502,1800,80,0,0,255,0,13,0,0
2,30,21,99,4323,1,17,0,1501,1800,80,0,0,255,0,13,0,0
2,30,21,99,4323,1,17,0,1501,1800,80,0,0,255,0,13,0,0
2,30,21,99,4323,1,17,0,1500,1800,80,0,0,255,0,13,0,0
2,30,21,99,4323,1,17,0,1500,1800,80,0,0,255,0,13,0,0
2,30,21,99,4323,1,17,0,1499,1800,80,0,0,255,0,13,0,0
2,30,21,99,4323,1,17,0,1499,1800,80,0,0,255,0,13,0,0
2,30,21,99,4323,1,17,0,1498,1800,80,0,0,255,0,13,0,0
2,30,21,99,4323,1,17,0,1498,1800,80,0,0,255,0,13,0,0
2,30,21,99,4323,1,17,0,1497,1800,80,0,0,255,0,13,0,0
2,30,21,99,4323,1,17,0,1497,1800,80,0,0,255,0,13,0,0
2,30,21,99,4323,1,17,0,1496,1800,80,0,0,255,0,13,0,0
2,30,21,99,4323,1,17,0,1496,1800,80,0,0,255,0,13,0,0
2,30,21,99,4323,1,17,0,1495,1800,80,0,0,255,0,13,0,0
2,30,21,99,4323,1,17,0,1495,1800,80,0,0,255,0,13,0,0
2,30,21,99,4323,1,17,0,1494,1800,80,0,0,255,0,13,0,0
2,30,21,99,4323,1,17,0,1494,1800,80,0,0,255,0,13,0,0
2,30,21,99,4323,1,17,0,1493,1800,80,0,0,255,0,13,0,0
2,30,21,99,4323,1,17,0,1493,1800,80,0,0,255,0,13,0,0
2,30,21,99,4323,1,17,0,1492,1800,80,0,0,255,0,13,0,0
2,30,21,99,4323,1,17,0,1492,1800,80,0,0,255,0,13,0,0
2,30,21,99,4323,1,17,0,1491,1800,80,0,0,255,0,13,0,0
2,30,21,99,4323,1,17,0,1491,1800,80,0,0,255,0,13,0,0
2,30,21,99,4323,1,17,0,1490,1800,80,0,0,255,0,13,0,0
2,30,21,99,4323,1,17,0,1490,1800,80,0,0,255,0,13,0,0
2,30,21,99,4323,1,17,0,1489,1800,80,0,0,255,0,13,0,0
2,30,21,99,4323,1,17,0,1489,1800,80,0,0,255,0,13,0,0
2,30,21,99,4323,1,17,0,1488,1800,80,0,0,255,0,13,0,0
2,30,21,99,4323,1,17,0,1488,1800,80,0,0,255,0,13,0,0
2,30,21,99,4323,1,17,0,1487,1800,80,0,0,255,0,13,0,0
2,30,21,99,4323,1,17,0,1487,1800,80,0,0,255,0,13,0,0
2,30,21,99,4323,1,17,0,1486,1800,80,0,0,255,0,13,0,0
2,30,21,99,4323,1,17,0,1486,1800,80,0,0,255,0,13,0,0
2,30,21,99,4323,1,17,0,1485,1800,80,0,0,255,0,13,0,0
2,30,21,99,4323,1,17,0,1485,1800,80,0,0,255,0,13,0,0
2,30,21,99,4323,1,17,0,1484,1800,80,0,0,255,0,13,0,0
2,30,21,99,4323,1,17,0,1484,1800,80,0,0,255,0,13,0,0
2,30,21,99,4323,1,17,0,1483,1800,80,0,0,255,0,13,0,0
2,30,21,99,4323,1,17,0,1483,1800,80,0,0,255,0,13,0,0
2,30,21,99,4323,1,17,0,1482,1800,80,0,0,255,0,13,0,0
2,30,21,99,4323,1,17,0,1482,1800,80,0,0,255,0,13,0,0
2,30,21,99,4323,1,17,0,1481,1800,80,0,0,255,0,13,0,0
2,30,21,99,4323,1,17,0,1481,1800,80,0,0,255,0,13,0,0
2,30,21,99,4323,1,17,0,1480,1800,80,0,0,255,0,13,0,0
2,30,21,99,4323,1,17,0,1479,1800,80,0,0,255,0,13,0,0
2,30,21,99,4323,1,17,0,1479,1800,80,0,0,255,0,13,0,0
2,30,21,99,4323,1,17,0,1478,1800,80,0,0,255,0,13,0,0
2,30,21,99,4323,1,17,0,1478,1800,80,0,0,255,0,13,0,0
2,30,21,99,4323,1,17,0,1477,1800,80,0,0,255,0,13,0,0
2,30,21,99,4323,1,17,0,1477,1800,80,0,0,255,0,13,0,0
2,30,21,99,4323,1,17,0,1476,1800,80,0,0,255,0,13,0,0
2,30,21,99,4323,1,17,0,1476,1800,80,0,0,255,0,13,0,0
2,30,21,99,4323,1,17,0,1475,1800,80,0,0,255,0,13,0,0
2,30,21,99,4323,1,17,0,1475,1800,80,0,0,255,0,13,0,0
2,30,21,99,4323,1,17,0,1474,1800,80,0,0,255,0,13,0,0
2,30,21,99,4323,1,17,0,1474,1800,80,0,0,255,0,13,0,0
2,30,21,99,4323,1,17,0,1473,1800,80,0,0,255,0,13,0,0
2,30,21,99,4323,1,17,0,1473,1800,80,0,0,255,0,13,0,0
2,30,21,99,4323,1,17,0,1472,1800,80,0,0,255,0,13,0,0
2,30,21,99,4323,1,17,0,1472,1800,80,0,0,255,0,13,0,0
2,30,21,99,4323,1,17,0,1471,1800,80,0,0,255,0,13,0,0
2,30,21,99,4323,1,17,0,1471,1800,80,0,0,255,0,13,0,0
2,30,21,99,4323,1,17,0,1470,1800,80,0,0,255,0,13,0,0
2,30,21,99,4323,1,17,0,1470,1800,80,0,0,255,0,13,0,0
2,30,21,99,4323,1,17,0,1469,1800,80,0,0,255,0,13,0,0
2,30,21,99,4323,1,17,0,1469,1800,80,0,0,255,0,13,0,0
2,30,21,99,4323,1,17,0,1468,1800,80,0,0,255,0,13,0,0
2,30,21,99,4323,1,17,0,1468,1800,80,0,0,255,0,13,0,0
2,30,21,99,4323,1,17,0,1467,1800,80,0,0,255,0,13,0,0
2,30,21,99,4323,1,17,0,1467,1800,80,0,0,255,0,13,0,0
2,30,21,99,4323,1,17,0,1466,1800,80,0,0,255,0,13,0,0
2,30,21,99,4323,1,17,0,1466,1800,80,0,0,255,0,13,0,0
2,30,21,99,4323,1,17,0,1465,1800,80,0,0,255,0,13,0,0
2,30,21,99,4323,1,17,0,1465,1800,80,0,0,255,0,13,0,0
2,30,21,99,4323,1,17,0,1464,1800,80,0,0,255,0,13,0,0
2,30,21,99,4323,1,17,0,1464,1800,80,0,0,255,0,13,0,0
2,30,21,99,4323,1,17,0,1463,1800,80,0,0,255,0,13,0,0
2,30,21,99,4323,1,17,0,1463,1800,80,0,0,255,0,13,0,0
2,30,21,99,4323,1,17,0,1462,1800,80,0,0,255,0,13,0,0
2,30,21,99,4323,1,17,0,1462,1800,80,0,0,255,0,13,0,0
2,30,21,99,4323,1,17,0,1461,1800,80,0,0,255,0,13,0,0
2,30,21,99,4323,1,17,0,1461,1800,80,0,0,255,0,13,0,0
2,30,21,99,4323,1,17,0,1460,1800,80,0,0,255,0,13,0,0
2,30,21,99,4323,1,17,0,1460,1800,80,0,0,255,0,13,0,0
2,30,21,99,4323,1,17,0,1459,1800,80,0,0,255,0,13,0,0
2,30,21,99,4323,1,17,0,1459,1800,80,0,0,255,0,13,0,0
2,30,21,99,4323,1,17,0,1458,1800,80,0,0,255,0,13,0,0
2,30,21,99,4323,1,17,0,1458,1800,80,0,0,255,0,13,0,0
2,30,21,99,4323,1,17,0,1457,1800,80,0,0,255,0,13,0,0
2,30,21,99,4323,1,17,0,1457,1800,80,0,0,255,0,13,0,0
2,30,21,99,4323,1,17,0,1456,1800,80,0,0,255,0,13,0,0
2,30,21,99,4323,1,17,0,1456,1800,80,0,0,255,0,13,0,0
2,30,21,99,4323,1,17,0,1455,1800,80,0,0,255,0,13,0,0
2,30,21,99,4323,1,17,0,1455,1800,80,0,0,255,0,13,0,0
2,30,21,99,4323,1,17,0,1454,1800,80,0,0,255,0,13,0,0
2,30,21,99,4323,1,17,0,1454,1800,80,0,0,255,0,13,0,0
2,30,21,99,4323,1,17,0,1453,1800,80,0,0,255,0,13,0,0
2,30,21,99,4323,1,17,0,1453,1800,80,0,0,255,0,13,0,0
2,30,21,99,4323,1,17,0,1452,1800,80,0,0,255,0,13,0,0
2,30,21,99,4323,1,17,0,1452,1800,80,0,0,255,0,13,0,0
2,30,21,99,4323,1,17,0,1451,1800,80,0,0,255,0,13,0,0
2,30,21,99,4323,1,17,0,1451,1800,80,0,0,255,0,13,0,0
2,30,21,99,4323,1,17,0,1450,1800,80,0,0,255,0,13,0,0
2,30,21,99,4323,1,17,0,1450,1800,80,0,0,255,0,13,0,0
2,30,21,99,4323,1,17,0,1449,1800,80,0,0,255,0,13,0,0
2,30,21,99,4323,1,17,0,1449,1800,80,0,0,255,0,13,0,0
2,30,21,99,4323,1,17,0,1448,1800,80,0,0,255,0,13,0,0
2,30,21,99,4323,1,17,0,1448,1800,80,0,0,255,0,13,0,0
2,30,21,99,4323,1,17,0,1447,1800,80,0,0,255,0,13,0,0
2,30,21,99,4323,1,17,0,1447,1800,80,0,0,255,0,13,0,0
2,30,21,99,4323,1,17,0,1446,1800,80,0,0,255,0,13,0,0
2,30,21,99,4323,1,17,0,1446,1800,80,0,0,255,0,13,0,0
2,30,21,99,4323,1,17,0,1445,1800,80,0,0,255,0,13,0,0
2,30,21,99,4323,1,17,0,1445,1800,80,0,0,255,0,13,0,0
2,30,21,99,4323,1,17,0,1444,1800,80,0,0,255,0,13,0,0
2,30,21,99,4323,1,17,0,1444,1800,80,0,0,255,0,13,0,0
2,30,21,99,4323,1,17,0,1443,1800,80,0,0,255,0,13,0,0
2,30,21,99,4323,1,17,0,1443,1800,80,0,0,255,0,13,0,0
2,30,21,99,4323,1,17,0,1442,1800,80,0,0,255,0,13,0,0
2,30,21,99,4323,1,17,0,1442,1800,80,0,0,255,0,13,0,0
2,30,21,99,4323,1,17,0,1441,1800,80,0,0,255,0,13,0,0
2,30,21,99,4323,1,17,0,1441,1800,80,0,0,255,0,13,0,0
2,30,21,99,4323,1,17,0,1440,1800,80,0,0,255,0,13,0,0
2,30,21,99,4323,1,17,0,1440,1800,80,0,0,255,0,13,0,0
2,30,21,99,4323,1,17,0,1439,1800,80,0,0,255,0,13,0,0
2,30,21,99,4323,1,17,0,1439,1800,80,0,0,255,0,13,0,0
2,30,21,99,4323,1,17,0,1438,1800,80,0,0,255,0,13,0,0
2,30,21,99,4323,1,17,0,1438,1800,80,0,0,255,0,13,0,0
2,30,21,99,4323,1,17,0,1437,1800,80,0,0,255,0,13,0,0
2,30,21,99,4323,1,17,0,1437,1800,80,0,0,255,0,13,0,0
2,30,21,99,4323,1,17,0,1436,1800,80,0,0,255,0,13,0,0
2,30,21,99,4323,1,17,0,1436,1800,80,0,0,255,0,13,0,0
2,30,21,99,4323,1,17,0,1435,1800,80,0,0,255,0,13,0,0
2,30,21,99,4323,1,17,0,1435,1800,80,0,0,255,0,13,0,0
2,30,21,99,4323,1,17,0,1434,1800,80,0,0,255,0,13,0,0
2,30,21,99,4323,1,17,0,1434,1800,80,0,0,255,0,13,0,0
2,30,21,99,4323,1,17,0,1433,1800,80,0,0,255,0,13,0,0
2,30,21,99,4323,1,17,0,1433,1800,80,0,0,255,0,13,0,0
2,30,21,99,4323,1,17,0,1432,1800,80,0,0,255,0,13,0,0
2,30,21,99,4323,1,17,0,1432,1800,80,0,0,255,0,13,0,0
2,30,21,99,4323,1,17,0,1431,1800,80,0,0,255,0,13,0,0
2,30,21,99,4323,1,17,0,1431,1800,80,0,0,255,0,13,0,0
2,30,21,99,4323,1,17,0,1430,1800,80,0,0,255,0,13,0,0
2,30,21,99,4323,1,17,0,1430,1800,80,0,0,255,0,13,0,0
2,30,21,99,4323,1,17,0,1429,1800,80,0,0,255,0,13,0,0
2,30,21,99,4323,1,17,0,1429,1800,80,0,0,255,0,13,0,0
2,30,21,99,4323,1,17,0,1428,1800,80,0,0,255,0,13,0,0
2,30,21,99,4323,1,17,0,1428,1800,80,0,0,255,0,13,0,0
2,30,21,99,4323,1,17,0,1427,1800,80,0,0,255,0,13,0,0
2,30,21,99,4323,1,17,0,1427,1800,80,0,0,255,0,13,0,0
2,30,21,99,4323,1,17,0,1426,1800,80,0,0,255,0,13,0,0
2,30,21,99,4323,1,17,0,1426,1800,80,0,0,255,0,13,0,0
2,30,21,99,4323,1,17,0,1425,1800,80,0,0,255,0,13,0,0
2,30,21,99,4323,1,17,0,1425,1800,80,0,0,255,0,13,0,0
2,30,21,99,4323,1,17,0,1424,1800,80,0,0,255,0,13,0,0
2,30,21,99,4323,1,17,0,1423,1800,80,0,0,255,0,13,0,0
2,30,21,99,4323,1,17,0,1423,1800,80,0,0,255,0,13,0,0
2,30,21,99,4323,1,17,0,1422,1800,80,0,0,255,0,13,0,0
2,30,21,99,4323,1,17,0,1422,1800,80,0,0,255,0,13,0,0
2,30,21,99,4323,1,17,0,1421,1800,80,0,0,255,0,13,0,0
2,30,21,99,4323,1,17,0,1421,1800,80,0,0,255,0,13,0,0
2,30,21,99,4323,1,17,0,1420,1800,80,0,0,255,0,13,0,0
2,30,21,99,4323,1,17,0,1420,1800,80,0,0,255,0,13,0,0
2,30,21,99,4323,1,17,0,1419,1800,80,0,0,255,0,13,0,0
2,30,21,99,4323,1,17,0,1419,1800,80,0,0,255,0,13,0,0
2,30,21,99,4323,1,17,0,1418,1800,80,0,0,255,0,13,0,0
2,30,21,99,4323,1,17,0,1418,1800,80,0,0,255,0,13,0,0
2,30,21,99,4323,1,17,0,1417,1800,80,0,0,255,0,13,0,0
2,30,21,99,4323,1,17,0,1417,1800,80,0,0,255,0,13,0,0
2,30,21,99,4323,1,17,0,1416,1800,80,0,0,255,0,13,0,0
2,30,21,99,4323,1,17,0,1416,1800,80,0,0,255,0,13,0,0
2,30,21,99,4323,1,17,0,1415,1800,80,0,0,255,0,13,0,0
2,30,21,99,4323,1,17,0,1415,1800,80,0,0,255,0,13,0,0
2,30,21,99,4323,1,17,0,1414,1800,80,0,0,255,0,13,0,0
2,30,21,99,4323,1,17,0,1414,1800,80,0,0,255,0,13,0,0
2,30,21,99,4323,1,17,0,1413,1800,80,0,0,255,0,13,0,0
2,30,21,99,4323,1,17,0,1413,1800,80,0,0,255,0,13,0,0
2,30,21,99,4323,1,17,0,1412,1800,80,0,0,255,0,13,0,0
2,30,21,99,4323,1,17,0,1412,1800,80,0,0,255,0,13,0,0
2,30,21,99,4323,1,17,0,1411,1800,80,0,0,255,0,13,0,0
2,30,21,99,4323,1,17,0,1411,1800,80,0,0,255,0,13,0,0
2,30,21,99,4323,1,17,0,1410,1800,80,0,0,255,0,13,0,0
2,30,21,99,4323,1,17,0,1410,1800,80,0,0,255,0,13,0,0
2,30,21,99,4323,1,17,0,1409,1800,80,0,0,255,0,13,0,0
2,30,21,99,4323,1,17,0,1409,1800,80,0,0,255,0,13,0,0
2,30,21,99,4323,1,17,0,1408,1800,80,0,0,255,0,13,0,0
2,30,21,99,4323,1,17,0,1408,1800,80,0,0,255,0,13,0,0
2,30,21,99,4323,1,17,0,1407,1800,80,0,0,255,0,13,0,0
2,30,21,99,4323,1,17,0,1407,1800,80,0,0,255,0,13,0,0
2,30,21,99,4323,1,17,0,1406,1800,80,0,0,255,0,13,0,0
2,30,21,99,4323,1,17,0,1406,1800,80,0,0,255,0,13,0,0
2,30,21,99,4323,1,17,0,1405,1800,80,0,0,255,0,13,0,0
2,30,21,99,4323,1,17,0,1405,1800,80,0,0,255,0,13,0,0
2,30,21,99,4323,1,17,0,1404,1800,80,0,0,255,0,13,0,0
2,30,21,99,4323,1,17,0,1404,1800,80,0,0,255,0,13,0,0
2,30,21,99,4323,1,17,0,1403,1800,80,0,0,255,0,13,0,0
2,30,21,99,4323,1,17,0,1403,1800,80,0,0,255,0,13,0,0
2,30,21,99,4323,1,17,0,1402,1800,80,0,0,255,0,13,0,0
2,30,21,99,4323,1,17,0,1402,1800,80,0,0,255,0,13,0,0
2,30,21,99,4323,1,17,0,1401,1800,80,0,0,255,0,13,0,0
2,30,21,99,4323,1,17,0,1401,1800,80,0,0,255,0,13,0,0
2,30,21,99,4323,1,17,0,1400,1800,80,0,0,255,0,13,0,0
2,30,21,99,4323,1,17,0,1400,1800,80,0,0,255,0,13,0,0
2,30,21,99,4323,1,17,0,1399,1800,80,0,0,255,0,13,0,0
2,30,21,99,4323,1,17,0,1399,1800,80,0,0,255,0,13,0,0
2,30,21,99,4323,1,17,0,1398,1800,80,0,0,255,0,13,0,0
2,30,21,99,4323,1,17,0,1398,1800,80,0,0,255,0,13,0,0
2,30,21,99,4323,1,17,0,1397,1800,80,0,0,255,0,13,0,0
2,30,21,99,4323,1,17,0,1397,1800,80,0,0,255,0,13,0,0
2,30,21,99,4323,1,17,0,1396,1800,80,0,0,255,0,13,0,0
2,30,21,99,4323,1,17,0,1396,1800,80,0,0,255,0,13,0,0
2,30,21,99,4323,1,17,0,1395,1800,80,0,0,255,0,13,0,0
2,30,21,99,4323,1,17,0,1395,1800,80,0,0,255,0,13,0,0
2,30,21,99,4323,1,17,0,1394,1800,80,0,0,255,0,13,0,0
2,30,21,99,4323,1,17,0,1394,1800,80,0,0,255,0,13,0,0
2,30,21,99,4323,1,17,0,1393,1800,80,0,0,255,0,13,0,0
2,30,21,99,4323,1,17,0,1393,1800,80,0,0,255,0,13,0,0
2,30,21,99,4323,1,17,0,1392,1800,80,0,0,255,0,13,0,0
2,30,21,99,4323,1,17,0,1392,1800,80,0,0,255,0,13,0,0
2,30,21,99,4323,1,17,0,1391,1800,80,0,0,255,0,13,0,0
2,30,21,99,4323,1,17,0,1391,1800,80,0,0,255,0,13,0,0
2,30,21,99,4323,1,17,0,1390,1800,80,0,0,255,0,13,0,0
2,30,21,99,4323,1,17,0,1390,1800,80,0,0,255,0,13,0,0
2,30,21,99,4323,1,17,0,1389,1800,80,0,0,255,0,13,0,0
2,30,21,99,4323,1,17,0,1389,1800,80,0,0,255,0,13,0,0
2,30,21,99,4323,1,17,0,1388,1800,80,0,0,255,0,13,0,0
2,30,21,99,4323,1,17,0,1388,1800,80,0,0,255,0,13,0,0
2,30,21,99,4323,1,17,0,1387,1800,80,0,0,255,0,13,0,0
2,30,21,99,4323,1,17,0,1387,1800,80,0,0,255,0,13,0,0
2,30,21,99,4323,1,17,0,1386,1800,80,0,0,255,0,13,0,0
2,30,21,99,4323,1,17,0,1386,1800,80,0,0,255,0,13,0,0
2,30,21,99,4323,1,17,0,1385,1800,80,0,0,255,0,13,0,0
2,30,21,99,4323,1,17,0,1385,1800,80,0,0,255,0,13,0,0
2,30,21,99,4323,1,17,0,1384,1800,80,0,0,255,0,13,0,0
2,30,21,99,4323,1,17,0,1384,1800,80,0,0,255,0,13,0,0
2,30,21,99,4323,1,17,0,1383,1800,80,0,0,255,0,13,0,0
2,30,21,99,4323,1,17,0,1383,1800,80,0,0,255,0,13,0,0
2,30,21,99,4323,1,17,0,1382,1800,80,0,0,255,0,13,0,0
2,30,21,99,4323,1,17,0,1382,1800,80,0,0,255,0,13,0,0
2,30,21,99,4323,1,17,0,1381,1800,80,0,0,255,0,13,0,0
2,30,21,99,4323,1,17,0,1381,1800,80,0,0,255,0,13,0,0
2,30,21,99,4323,1,17,0,1380,1800,80,0,0,255,0,13,0,0
2,30,21,99,4323,1,17,0,1380,1800,80,0,0,255,0,13,0,0
2,30,21,99,4323,1,17,0,1379,1800,80,0,0,255,0,13,0,0
2,30,21,99,4323,1,17,0,1379,1800,80,0,0,255,0,13,0,0
2,30,21,99,4323,1,17,0,1378,1800,80,0,0,255,0,13,0,0
2,30,21,99,4323,1,17,0,1378,1800,80,0,0,255,0,13,0,0
2,30,21,99,4323,1,17,0,1377,1800,80,0,0,255,0,13,0,0
2,30,21,99,4323,1,17,0,1377,1800,80,0,0,255,0,13,0,0
2,30,21,99,4323,1,17,0,1376,1800,80,0,0,255,0,13,0,0
2,30,21,99,4323,1,17,0,1376,1800,80,0,0,255,0,13,0,0
2,30,21,99,4323,1,17,0,1375,1800,80,0,0,255,0,13,0,0
2,30,21,99,4323,1,17,0,1375,1800,80,0,0,255,0,13,0,0
2,30,21,99,4323,1,17,0,1374,1800,80,0,0,255,0,13,0,0
2,30,21,99,4323,1,17,0,1374,1800,80,0,0,255,0,13,0,0
2,30,21,99,4323,1,17,0,1373,1800,80,0,0,255,0,13,0,0
2,30,21,99,4323,1,17,0,1373,1800,80,0,0,255,0,13,0,0
2,30,21,99,4323,1,17,0,1372,1800,80,0,0,255,0,13,0,0
2,30,21,99,4323,1,17,0,1372,1800,80,0,0,255,0,13,0,0
2,30,21,99,4323,1,17,0,1371,1800,80,0,0,255,0,13,0,0
2,30,21,99,4323,1,17,0,1371,1800,80,0,0,255,0,13,0,0
2,30,21,99,4323,1,17,0,1370,1800,80,0,0,255,0,13,0,0
2,30,21,99,4323,1,17,0,1370,1800,80,0,0,255,0,13,0,0
2,30,21,99,4323,1,17,0,1369,1800,80,0,0,255,0,13,0,0
2,30,21,99,4323,1,17,0,1369,1800,80,0,0,255,0,13,0,0
2,30,21,99,4323,1,17,0,1368,1800,80,0,0,255,0,13,0,0
2,30,21,99,4323,1,17,0,1368,1800,80,0,0,255,0,13,0,0
2,30,21,99,4323,1,17,0,1367,1800,80,0,0,255,0,13,0,0
2,30,21,99,4323,1,17,0,1367,1800,80,0,0,255,0,13,0,0
2,30,21,99,4323,1,17,0,1366,1800,80,0,0,255,0,13,0,0
2,30,21,99,4323,1,17,0,1366,1800,80,0,0,255,0,13,0,0
2,30,21,99,4323,1,17,0,1365,1800,80,0,0,255,0,13,0,0
2,30,21,99,4323,1,17,0,1365,1800,80,0,0,255,0,13,0,0
2,30,21,99,4323,1,17,0,1364,1800,80,0,0,255,0,13,0,0
2,30,21,99,4323,1,17,0,1364,1800,80,0,0,255,0,13,0,0
2,30,21,99,4323,1,17,0,1363,1800,80,0,0,255,0,13,0,0
2,30,21,99,4323,1,17,0,1363,1800,80,0,0,255,0,13,0,0
2,30,21,99,4323,1,17,0,1362,1800,80,0,0,255,0,13,0,0
2,30,21,99,4323,1,17,0,1362,1800,80,0,0,255,0,13,0,0
2,30,21,99,4323,1,17,0,1361,1800,80,0,0,255,0,13,0,0
2,30,21,99,4323,1,17,0,1361,1800,80,0,0,255,0,13,0,0
2,30,21,99,4323,1,17,0,1360,1800,80,0,0,255,0,13,0,0
2,30,21,99,4323,1,17,0,1360,1800,80,0,0,255,0,13,0,0
2,30,21,99,4323,1,17,0,1359,1800,80,0,0,255,0,13,0,0
2,30,21,99,4323,1,17,0,1359,1800,80,0,0,255,0,13,0,0
2,30,21,99,4323,1,17,0,1358,1800,80,0,0,255,0,13,0,0
2,30,21,99,4323,1,17,0,1357,1800,80,0,0,255,0,13,0,0
2,30,21,99,4323,1,17,0,1357,1800,80,0,0,255,0,13,0,0
2,30,21,99,4323,1,17,0,1356,1800,80,0,0,255,0,13,0,0
2,30,21,99,4323,1,17,0,1356,1800,80,0,0,255,0,13,0,0
2,30,21,99,4323,1,17,0,1355,1800,80,0,0,255,0,13,0,0
2,30,21,99,4323,1,17,0,1355,1800,80,0,0,255,0,13,0,0
2,30,21,99,4323,1,17,0,1354,1800,80,0,0,255,0,13,0,0
2,30,21,99,4323,1,17,0,1354,1800,80,0,0,255,0,13,0,0
2,30,21,99,4323,1,17,0,1353,1800,80,0,0,255,0,13,0,0
2,30,21,99,4323,1,17,0,1353,1800,80,0,0,255,0,13,0,0
2,30,21,99,4323,1,17,0,1352,1800,80,0,0,255,0,13,0,0
2,30,21,99,4323,1,17,0,1352,1800,80,0,0,255,0,13,0,0
2,30,21,99,4323,1,17,0,1351,1800,80,0,0,255,0,13,0,0
2,30,21,99,4323,1,17,0,1351,1800,80,0,0,255,0,13,0,0
2,30,21,99,4323,1,17,0,1350,1800,80,0,0,255,0,13,0,0
2,30,21,99,4323,1,17,0,1350,1800,80,0,0,255,0,13,0,0
2,30,21,99,4323,1,17,0,1349,1800,80,0,0,255,0,13,0,0
2,30,21,99,4323,1,17,0,1349,1800,80,0,0,255,0,13,0,0
2,30,21,99,4323,1,17,0,1348,1800,80,0,0,255,0,13,0,0
2,30,21,99,4323,1,17,0,1348,1800,80,0,0,255,0,13,0,0
2,30,21,99,4323,1,17,0,1347,1800,80,0,0,255,0,13,0,0
2,30,21,99,4323,1,17,0,1347,1800,80,0,0,255,0,13,0,0
2,30,21,99,4323,1,17,0,1346,1800,80,0,0,255,0,13,0,0
2,30,21,99,4323,1,17,0,1346,1800,80,0,0,255,0,13,0,0
2,30,21,99,4323,1,17,0,1345,1800,80,0,0,255,0,13,0,0
2,30,21,99,4323,1,17,0,1345,1800,80,0,0,255,0,13,0,0
2,30,21,99,4323,1,17,0,1344,1800,80,0,0,255,0,13,0,0
2,30,21,99,4323,1,17,0,1344,1800,80,0,0,255,0,13,0,0
2,30,21,99,4323,1,17,0,1343,1800,80,0,0,255,0,13,0,0
2,30,21,99,4323,1,17,0,1343,1800,80,0,0,255,0,13,0,0
2,30,21,99,4323,1,17,0,1342,1800,80,0,0,255,0,13,0,0
2,30,21,99,4323,1,17,0,1342,1800,80,0,0,255,0,13,0,0
2,30,21,99,4323,1,17,0,1341,1800,80,0,0,255,0,13,0,0
2,30,21,99,4323,1,17,0,1341,1800,80,0,0,255,0,13,0,0
2,30,21,99,4323,1,17,0,1340,1800,80,0,0,255,0,13,0,0
2,30,21,99,4323,1,17,0,1340,1800,80,0,0,255,0,13,0,0
2,30,21,99,4323,1,17,0,1339,1800,80,0,0,255,0,13,0,0
2,30,21,99,4323,1,17,0,1339,1800,80,0,0,255,0,13,0,0
2,30,21,99,4323,1,17,0,1338,1800,80,0,0,255,0,13,0,0
2,30,21,99,4323,1,17,0,1338,1800,80,0,0,255,0,13,0,0
2,30,21,99,4323,1,17,0,1337,1800,80,0,0,255,0,13,0,0
2,30,21,99,4323,1,17,0,1337,1800,80,0,0,255,0,13,0,0
2,30,21,99,4323,1,17,0,1336,1800,80,0,0,255,0,13,0,0
2,30,21,99,4323,1,17,0,1336,1800,80,0,0,255,0,13,0,0
2,30,21,99,4323,1,17,0,1335,1800,80,0,0,255,0,13,0,0
2,30,21,99,4323,1,17,0,1335,1800,80,0,0,255,0,13,0,0
2,30,21,99,4323,1,17,0,1334,1800,80,0,0,255,0,13,0,0
2,30,21,99,4323,1,17,0,1334,1800,80,0,0,255,0,13,0,0
2,30,21,99,4323,1,17,0,1333,1800,80,0,0,255,0,13,0,0
2,30,21,99,4323,1,17,0,1333,1800,80,0,0,255,0,13,0,0
2,30,21,99,4323,1,17,0,1332,1800,80,0,0,255,0,13,0,0
2,30,21,99,4323,1,17,0,1332,1800,80,0,0,255,0,13,0,0
2,30,21,99,4323,1,17,0,1331,1800,80,0,0,255,0,13,0,0
2,30,21,99,4323,1,17,0,1331,1800,80,0,0,255,0,13,0,0
2,30,21,99,4323,1,17,0,1330,1800,80,0,0,255,0,13,0,0
2,30,21,99,4323,1,17,0,1330,1800,80,0,0,255,0,13,0,0
2,30,21,99,4323,1,17,0,1329,1800,80,0,0,255,0,13,0,0
2,30,21,99,4323,1,17,0,1329,1800,80,0,0,255,0,13,0,0
2,30,21,99,4323,1,17,0,1328,1800,80,0,0,255,0,13,0,0
2,30,21,99,4323,1,17,0,1328,1800,80,0,0,255,0,13,0,0
2,30,21,99,4323,1,17,0,1327,1800,80,0,0,255,0,13,0,0
2,30,21,99,4323,1,17,0,1327,1800,80,0,0,255,0,13,0,0
2,30,21,99,4323,1,17,0,1326,1800,80,0,0,255,0,13,0,0
2,30,21,99,4323,1,17,0,1326,1800,80,0,0,255,0,13,0,0
2,30,21,99,4323,1,17,0,1325,1800,80,0,0,255,0,13,0,0
2,30,21,99,4323,1,17,0,1325,1800,80,0,0,255,0,13,0,0
2,30,21,99,4323,1,17,0,1324,1800,80,0,0,255,0,13,0,0
2,30,21,99,4323,1,17,0,1324,1800,80,0,0,255,0,13,0,0
2,30,21,99,4323,1,17,0,1323,1800,80,0,0,255,0,13,0,0
2,30,21,99,4323,1,17,0,1323,1800,80,0,0,255,0,13,0,0
2,30,21,99,4323,1,17,0,1322,1800,80,0,0,255,0,13,0,0
2,30,21,99,4323,1,17,0,1322,1800,80,0,0,255,0,13,0,0
2,30,21,99,4323,1,17,0,1321,1800,80,0,0,255,0,13,0,0
2,30,21,99,4323,1,17,0,1321,1800,80,0,0,255,0,13,0,0
2,30,21,99,4323,1,17,0,1320,1800,80,0,0,255,0,13,0,0
2,30,21,99,4323,1,17,0,1320,1800,80,0,0,255,0,13,0,0
2,30,21,99,4323,1,17,0,1319,1800,80,0,0,255,0,13,0,0
2,30,21,99,4323,1,17,0,1319,1800,80,0,0,255,0,13,0,0
2,30,21,99,4323,1,17,0,1318,1800,80,0,0,255,0,13,0,0
2,30,21,99,4323,1,17,0,1318,1800,80,0,0,255,0,13,0,0
2,30,21,99,4323,1,17,0,1317,1800,80,0,0,255,0,13,0,0
2,30,21,99,4323,1,17,0,1317,1800,80,0,0,255,0,13,0,0
2,30,21,99,4323,1,17,0,1316,1800,80,0,0,255,0,13,0,0
2,30,21,99,4323,1,17,0,1316,1800,80,0,0,255,0,13,0,0
2,30,21,99,4323,1,17,0,1315,1800,80,0,0,255,0,13,0,0
2,30,21,99,4323,1,17,0,1315,1800,80,0,0,255,0,13,0,0
2,30,21,99,4323,1,17,0,1314,1800,80,0,0,255,0,13,0,0
2,30,21,99,4323,1,17,0,1314,1800,80,0,0,255,0,13,0,0
2,30,21,99,4323,1,17,0,1313,1800,80,0,0,255,0,13,0,0
2,30,21,99,4323,1,17,0,1313,1800,80,0,0,255,0,13,0,0
2,30,21,99,4323,1,17,0,1312,1800,80,0,0,255,0,13,0,0
2,30,21,99,4323,1,17,0,1312,1800,80,0,0,255,0,13,0,0
2,30,21,99,4323,1,17,0,1311,1800,80,0,0,255,0,13,0,0
2,30,21,99,4323,1,17,0,1311,1800,80,0,0,255,0,13,0,0
2,30,21,99,4323,1,17,0,1310,1800,80,0,0,255,0,13,0,0
2,30,21,99,4323,1,17,0,1310,1800,80,0,0,255,0,13,0,0
2,30,21,99,4323,1,17,0,1309,1800,80,0,0,255,0,13,0,0
2,30,21,99,4323,1,17,0,1309,1800,80,0,0,255,0,13,0,0
2,30,21,99,4323,1,17,0,1308,1800,80,0,0,255,0,13,0,0
2,30,21,99,4323,1,17,0,1308,1800,80,0,0,255,0,13,0,0
2,30,21,99,4323,1,17,0,1307,1800,80,0,0,255,0,13,0,0
2,30,21,99,4323,1,17,0,1307,1800,80,0,0,255,0,13,0,0
2,30,21,99,4323,1,17,0,1306,1800,80,0,0,255,0,13,0,0
2,30,21,99,4323,1,17,0,1306,1800,80,0,0,255,0,13,0,0
2,30,21,99,4323,1,17,0,1305,1800,80,0,0,255,0,13,0,0
2,30,21,99,4323,1,17,0,1304,1800,80,0,0,255,0,13,0,0
2,30,21,99,4323,1,17,0,1304,1800,80,0,0,255,0,13,0,0
2,30,21,99,4323,1,17,0,1303,1800,80,0,0,255,0,13,0,0
2,30,21,99,4323,1,17,0,1303,1800,80,0,0,255,0,13,0,0
2,30,21,99,4323,1,17,0,1302,1800,80,0,0,255,0,13,0,0
2,30,21,99,4323,1,17,0,1302,1800,80,0,0,255,0,13,0,0
2,30,21,99,4323,1,17,0,1301,1800,80,0,0,255,0,13,0,0
2,30,21,99,4323,1,17,0,1301,1800,80,0,0,255,0,13,0,0
2,30,21,99,4323,1,17,0,1300,1800,80,0,0,255,0,13,0,0
2,30,21,99,4323,1,17,0,1300,1800,80,0,0,255,0,13,0,0
2,30,21,99,4323,1,17,0,1299,1800,80,0,0,255,0,13,0,0
2,30,21,99,4323,1,17,0,1299,1800,80,0,0,255,0,13,0,0
2,30,21,99,4323,1,17,0,1298,1800,80,0,0,255,0,13,0,0
2,30,21,99,4323,1,17,0,1298,1800,80,0,0,255,0,13,0,0
2,30,21,99,4323,1,17,0,1297,1800,80,0,0,255,0,13,0,0
2,30,21,99,4323,1,17,0,1297,1800,80,0,0,255,0,13,0,0
2,30,21,99,4323,1,17,0,1296,1800,80,0,0,255,0,13,0,0
2,30,21,99,4323,1,17,0,1296,1800,80,0,0,255,0,13,0,0
2,30,21,99,4323,1,17,0,1295,1800,80,0,0,255,0,13,0,0
2,30,21,99,4323,1,17,0,1295,1800,80,0,0,255,0,13,0,0
2,30,21,99,4323,1,17,0,1294,1800,80,0,0,255,0,13,0,0
2,30,21,99,4323,1,17,0,1294,1800,80,0,0,255,0,13,0,0
2,30,21,99,4323,1,17,0,1293,1800,80,0,0,255,0,13,0,0
2,30,21,99,4323,1,17,0,1293,1800,80,0,0,255,0,13,0,0
2,30,21,99,4323,1,17,0,1292,1800,80,0,0,255,0,13,0,0
2,30,21,99,4323,1,17,0,1292,1800,80,0,0,255,0,13,0,0
2,30,21,99,4323,1,17,0,1291,1800,80,0,0,255,0,13,0,0
2,30,21,99,4323,1,17,0,1291,1800,80,0,0,255,0,13,0,0
2,30,21,99,4323,1,17,0,1290,1800,80,0,0,255,0,13,0,0
2,30,21,99,4323,1,17,0,1290,1800,80,0,0,255,0,13,0,0
2,30,21,99,4323,1,17,0,1289,1800,80,0,0,255,0,13,0,0
2,30,21,99,4323,1,17,0,1289,1800,80,0,0,255,0,13,0,0
2,30,21,99,4323,1,17,0,1288,1800,80,0,0,255,0,13,0,0
2,30,21,99,4323,1,17,0,1288,1800,80,0,0,255,0,13,0,0
2,30,21,99,4323,1,17,0,1287,1800,80,0,0,255,0,13,0,0
2,30,21,99,4323,1,17,0,1287,1800,80,0,0,255,0,13,0,0
2,30,21,99,4323,1,17,0,1286,1800,80,0,0,255,0,13,0,0
2,30,21,99,4323,1,17,0,1286,1800,80,0,0,255,0,13,0,0
2,30,21,99,4323,1,17,0,1285,1800,80,0,0,255,0,13,0,0
2,30,21,99,4323,1,17,0,1285,1800,80,0,0,255,0,13,0,0
2,30,21,99,4323,1,17,0,1284,1800,80,0,0,255,0,13,0,0
2,30,21,99,4323,1,17,0,1284,1800,80,0,0,255,0,13,0,0
2,30,21,99,4323,1,17,0,1283,1800,80,0,0,255,0,13,0,0
2,30,21,99,4323,1,17,0,1283,1800,80,0,0,255,0,13,0,0
2,30,21,99,4323,1,17,0,1282,1800,80,0,0,255,0,13,0,0
2,30,21,99,4323,1,17,0,1282,1800,80,0,0,255,0,13,0,0
2,30,21,99,4323,1,17,0,1281,1800,80,0,0,255,0,13,0,0
2,30,21,99,4323,1,17,0,1281,1800,80,0,0,255,0,13,0,0
2,30,21,99,4323,1,17,0,1280,1800,80,0,0,255,0,13,0,0
2,30,21,99,4323,1,17,0,1280,1800,80,0,0,255,0,13,0,0
2,30,21,99,4323,1,17,0,1279,1800,80,0,0,255,0,13,0,0
2,30,21,99,4323,1,17,0,1279,1800,80,0,0,255,0,13,0,0
2,30,21,99,4323,1,17,0,1278,1800,80,0,0,255,0,13,0,0
2,30,21,99,4323,1,17,0,1278,1800,80,0,0,255,0,13,0,0
2,30,21,99,4323,1,17,0,1277,1800,80,0,0,255,0,13,0,0
2,30,21,99,4323,1,17,0,1277,1800,80,0,0,255,0,13,0,0
2,30,21,99,4323,1,17,0,1276,1800,80,0,0,255,0,13,0,0
2,30,21,99,4323,1,17,0,1276,1800,80,0,0,255,0,13,0,0
2,30,21,99,4323,1,17,0,1275,1800,80,0,0,255,0,13,0,0
2,30,21,99,4323,1,17,0,1275,1800,80,0,0,255,0,13,0,0
2,30,21,99,4323,1,17,0,1274,1800,80,0,0,255,0,13,0,0
2,30,21,99,4323,1,17,0,1274,1800,80,0,0,255,0,13,0,0
2,30,21,99,4323,1,17,0,1273,1800,80,0,0,255,0,13,0,0
2,30,21,99,4323,1,17,0,1273,1800,80,0,0,255,0,13,0,0
2,30,21,99,4323,1,17,0,1272,1800,80,0,0,255,0,13,0,0
2,30,21,99,4323,1,17,0,1272,1800,80,0,0,255,0,13,0,0
2,30,21,99,4323,1,17,0,1271,1800,80,0,0,255,0,13,0,0
2,30,21,99,4323,1,17,0,1271,1800,80,0,0,255,0,13,0,0
2,30,21,99,4323,1,17,0,1270,1800,80,0,0,255,0,13,0,0
2,30,21,99,4323,1,17,0,1270,1800,80,0,0,255,0,13,0,0
2,30,21,99,4323,1,17,0,1269,1800,80,0,0,255,0,13,0,0
2,30,21,99,4323,1,17,0,1269,1800,80,0,0,255,0,13,0,0
2,30,21,99,4323,1,17,0,1268,1800,80,0,0,255,0,13,0,0
2,30,21,99,4323,1,17,0,1268,1800,80,0,0,255,0,13,0,0
2,30,21,99,4323,1,17,0,1267,1800,80,0,0,255,0,13,0,0
2,30,21,99,4323,1,17,0,1267,1800,80,0,0,255,0,13,0,0
2,30,21,99,4323,1,17,0,1266,1800,80,0,0,255,0,13,0,0
2,30,21,99,4323,1,17,0,1266,1800,80,0,0,255,0,13,0,0
2,30,21,99,4323,1,17,0,1265,1800,80,0,0,255,0,13,0,0
2,30,21,99,4323,1,17,0,1265,1800,80,0,0,255,0,13,0,0
2,30,21,99,4323,1,17,0,1264,1800,80,0,0,255,0,13,0,0
2,30,21,99,4323,1,17,0,1264,1800,80,0,0,255,0,13,0,0
2,30,21,99,4323,1,17,0,1263,1800,80,0,0,255,0,13,0,0
2,30,21,99,4323,1,17,0,1263,1800,80,0,0,255,0,13,0,0
2,30,21,99,4323,1,17,0,1262,1800,80,0,0,255,0,13,0,0
2,30,21,99,4323,1,17,0,1262,1800,80,0,0,255,0,13,0,0
2,30,21,99,4323,1,17,0,1261,1800,80,0,0,255,0,13,0,0
2,30,21,99,4323,1,17,0,1261,1800,80,0,0,255,0,13,0,0
2,30,21,99,4323,1,17,0,1260,1800,80,0,0,255,0,13,0,0
2,30,21,99,4323,1,17,0,1260,1800,80,0,0,255,0,13,0,0
2,30,21,99,4323,1,17,0,1259,1800,80,0,0,255,0,13,0,0
2,30,21,99,4323,1,17,0,1259,1800,80,0,0,255,0,13,0,0
2,30,21,99,4323,1,17,0,1258,1800,80,0,0,255,0,13,0,0
2,30,21,99,4323,1,17,0,1258,1800,80,0,0,255,0,13,0,0
2,30,21,99,4323,1,17,0,1257,1800,80,0,0,255,0,13,0,0
2,30,21,99,4323,1,17,0,1257,1800,80,0,0,255,0,13,0,0
2,30,21,99,4323,1,17,0,1256,1800,80,0,0,255,0,13,0,0
2,30,21,99,4323,1,17,0,1256,1800,80,0,0,255,0,13,0,0
2,30,21,99,4323,1,17,0,1255,1800,80,0,0,255,0,13,0,0
2,30,21,99,4323,1,17,0,1255,1800,80,0,0,255,0,13,0,0
2,30,21,99,4323,1,17,0,1254,1800,80,0,0,255,0,13,0,0
2,30,21,99,4323,1,17,0,1254,1800,80,0,0,255,0,13,0,0
2,30,21,99,4323,1,17,0,1253,1800,80,0,0,255,0,13,0,0
2,30,21,99,4323,1,17,0,1253,1800,80,0,0,255,0,13,0,0
2,30,21,99,4323,1,17,0,1252,1800,80,0,0,255,0,13,0,0
2,30,21,99,4323,1,17,0,1252,1800,80,0,0,255,0,13,0,0
2,30,21,99,4323,1,17,0,1251,1800,80,0,0,255,0,13,0,0
2,30,21,99,4323,1,17,0,1251,1800,80,0,0,255,0,13,0,0
2,30,21,99,4323,1,17,0,1250,1800,80,0,0,255,0,13,0,0
2,30,21,99,4323,1,17,0,1250,1800,80,0,0,255,0,13,0,0
2,30,21,99,4323,1,17,0,1249,1800,80,0,0,255,0,13,0,0
2,30,21,99,4323,1,17,0,1249,1800,80,0,0,255,0,13,0,0
2,30,21,99,4323,1,17,0,1248,1800,80,0,0,255,0,13,0,0
2,30,21,99,4323,1,17,0,1248,1800,80,0,0,255,0,13,0,0
2,30,21,99,4323,1,17,0,1247,1800,80,0,0,255,0,13,0,0
2,30,21,99,4323,1,17,0,1247,1800,80,0,0,255,0,13,0,0
2,30,21,99,4323,1,17,0,1246,1800,80,0,0,255,0,13,0,0
2,30,21,99,4323,1,17,0,1246,1800,80,0,0,255,0,13,0,0
2,30,21,99,4323,1,17,0,1245,1800,80,0,0,255,0,13,0,0
2,30,21,99,4323,1,17,0,1245,1800,80,0,0,255,0,13,0,0
2,30,21,99,4323,1,17,0,1244,1800,80,0,0,255,0,13,0,0
2,30,21,99,4323,1,17,0,1244,1800,80,0,0,255,0,13,0,0
2,30,21,99,4323,1,17,0,1243,1800,80,0,0,255,0,13,0,0
2,30,21,99,4323,1,17,0,1243,1800,80,0,0,255,0,13,0,0
2,30,21,99,4323,1,17,0,1242,1800,80,0,0,255,0,13,0,0
2,30,21,99,4323,1,17,0,1242,1800,80,0,0,255,0,13,0,0
2,30,21,99,4323,1,17,0,1241,1800,80,0,0,255,0,13,0,0
2,30,21,99,4323,1,17,0,1240,1800,80,0,0,255,0,13,0,0
2,30,21,99,4323,1,17,0,1240,1800,80,0,0,255,0,13,0,0
2,30,21,99,4323,1,17,0,1239,1800,80,0,0,255,0,13,0,0
2,30,21,99,4323,1,17,0,1239,1800,80,0,0,255,0,13,0,0
2,30,21,99,4323,1,17,0,1238,1800,80,0,0,255,0,13,0,0
2,30,21,99,4323,1,17,0,1238,1800,80,0,0,255,0,13,0,0
2,30,21,99,4323,1,17,0,1237,1800,80,0,0,255,0,13,0,0
2,30,21,99,4323,1,17,0,1237,1800,80,0,0,255,0,13,0,0
2,30,21,99,4323,1,17,0,1236,1800,80,0,0,255,0,13,0,0
2,30,21,99,4323,1,17,0,1236,1800,80,0,0,255,0,13,0,0
2,30,21,99,4323,1,17,0,1235,1800,80,0,0,255,0,13,0,0
2,30,21,99,4323,1,17,0,1235,1800,80,0,0,255,0,13,0,0
2,30,21,99,4323,1,17,0,1234,1800,80,0,0,255,0,13,0,0
2,30,21,99,4323,1,17,0,1234,1800,80,0,0,255,0,13,0,0
2,30,21,99,4323,1,17,0,1233,1800,80,0,0,255,0,13,0,0
2,30,21,99,4323,1,17,0,1233,1800,80,0,0,255,0,13,0,0
2,30,21,99,4323,1,17,0,1232,1800,80,0,0,255,0,13,0,0
2,30,21,99,4323,1,17,0,1232,1800,80,0,0,255,0,13,0,0
2,30,21,99,4323,1,17,0,1231,1800,80,0,0,255,0,13,0,0
2,30,21,99,4323,1,17,0,1231,1800,80,0,0,255,0,13,0,0
2,30,21,99,4323,1,17,0,1230,1800,80,0,0,255,0,13,0,0
2,30,21,99,4323,1,17,0,1230,1800,80,0,0,255,0,13,0,0
2,30,21,99,4323,1,17,0,1229,1800,80,0,0,255,0,13,0,0
2,30,21,99,4323,1,17,0,1229,1800,80,0,0,255,0,13,0,0
2,30,21,99,4323,1,17,0,1228,1800,80,0,0,255,0,13,0,0
2,30,21,99,4323,1,17,0,1228,1800,80,0,0,255,0,13,0,0
2,30,21,99,4323,1,17,0,1227,1800,80,0,0,255,0,13,0,0
2,30,21,99,4323,1,17,0,1227,1800,80,0,0,255,0,13,0,0
2,30,21,99,4323,1,17,0,1226,1800,80,0,0,255,0,13,0,0
2,30,21,99,4323,1,17,0,1226,1800,80,0,0,255,0,13,0,0
2,30,21,99,4323,1,17,0,1225,1800,80,0,0,255,0,13,0,0
2,30,21,99,4323,1,17,0,1225,1800,80,0,0,255,0,13,0,0
2,30,21,99,4323,1,17,0,1224,1800,80,0,0,255,0,13,0,0
2,30,21,99,4323,1,17,0,1224,1800,80,0,0,255,0,13,0,0
2,30,21,99,4323,1,17,0,1223,1800,80,0,0,255,0,13,0,0
2,30,21,99,4323,1,17,0,1223,1800,80,0,0,255,0,13,0,0
2,30,21,99,4323,1,17,0,1222,1800,80,0,0,255,0,13,0,0
2,30,21,99,4323,1,17,0,1222,1800,80,0,0,255,0,13,0,0
2,30,21,99,4323,1,17,0,1221,1800,80,0,0,255,0,13,0,0
2,30,21,99,4323,1,17,0,1221,1800,80,0,0,255,0,13,0,0
2,30,21,99,4323,1,17,0,1220,1800,80,0,0,255,0,13,0,0
2,30,21,99,4323,1,17,0,1220,1800,80,0,0,255,0,13,0,0
2,30,21,99,4323,1,17,0,1219,1800,80,0,0,255,0,13,0,0
2,30,21,99,4323,1,17,0,1219,1800,80,0,0,255,0,13,0,0
2,30,21,99,4323,1,17,0,1218,1800,80,0,0,255,0,13,0,0
2,30,21,99,4323,1,17,0,1218,1800,80,0,0,255,0,13,0,0
2,30,21,99,4323,1,17,0,1217,1800,80,0,0,255,0,13,0,0
2,30,21,99,4323,1,17,0,1217,1800,80,0,0,255,0,13,0,0
2,30,21,99,4323,1,17,0,1216,1800,80,0,0,255,0,13,0,0
2,30,21,99,4323,1,17,0,1216,1800,80,0,0,255,0,13,0,0
2,30,21,99,4323,1,17,0,1215,1800,80,0,0,255,0,13,0,0
2,30,21,99,4323,1,17,0,1215,1800,80,0,0,255,0,13,0,0
2,30,21,99,4323,1,17,0,1214,1800,80,0,0,255,0,13,0,0
2,30,21,99,4323,1,17,0,1214,1800,80,0,0,255,0,13,0,0
2,30,21,99,4323,1,17,0,1213,1800,80,0,0,255,0,13,0,0
2,30,21,99,4323,1,17,0,1213,1800,80,0,0,255,0,13,0,0
2,30,21,99,4323,1,17,0,1212,1800,80,0,0,255,0,13,0,0
2,30,21,99,4323,1,17,0,1212,1800,80,0,0,255,0,13,0,0
2,30,21,99,4323,1,17,0,1211,1800,80,0,0,255,0,13,0,0
2,30,21,99,4323,1,17,0,1211,1800,80,0,0,255,0,13,0,0
2,30,21,99,4323,1,17,0,1210,1800,80,0,0,255,0,13,0,0
2,30,21,99,4323,1,17,0,1210,1800,80,0,0,255,0,13,0,0
2,30,21,99,4323,1,17,0,1209,1800,80,0,0,255,0,13,0,0
2,30,21,99,4323,1,17,0,1209,1800,80,0,0,255,0,13,0,0
2,30,21,99,4323,1,17,0,1208,1800,80,0,0,255,0,13,0,0
2,30,21,99,4323,1,17,0,1208,1800,80,0,0,255,0,13,0,0
2,30,21,99,4323,1,17,0,1207,1800,80,0,0,255,0,13,0,0
2,30,21,99,4323,1,17,0,1207,1800,80,0,0,255,0,13,0,0
2,30,21,99,4323,1,17,0,1206,1800,80,0,0,255,0,13,0,0
2,30,21,99,4323,1,17,0,1206,1800,80,0,0,255,0,13,0,0
2,30,21,99,4323,1,17,0,1205,1800,80,0,0,255,0,13,0,0
2,30,21,99,4323,1,17,0,1205,1800,80,0,0,255,0,13,0,0
2,30,21,99,4323,1,17,0,1204,1800,80,0,0,255,0,13,0,0
2,30,21,99,4323,1,17,0,1204,1800,80,0,0,255,0,13,0,0
2,30,21,99,4323,1,17,0,1203,1800,80,0,0,255,0,13,0,0
2,30,21,99,4323,1,17,0,1203,1800,80,0,0,255,0,13,0,0
2,30,21,99,4323,1,17,0,1202,1800,80,0,0,255,0,13,0,0
2,30,21,99,4323,1,17,0,1202,1800,80,0,0,255,0,13,0,0
2,30,21,99,4323,1,17,0,1201,1800,80,0,0,255,0,13,0,0
2,30,21,99,4323,1,17,0,1201,1800,80,0,0,255,0,13,0,0
2,30,21,99,4323,1,17,0,1200,1800,80,0,0,255,0,13,0,0
2,30,21,99,4323,1,17,0,1200,1800,80,0,0,255,0,13,0,0
2,30,21,99,4323,1,17,0,1199,1800,80,0,0,255,0,13,0,0
2,30,21,99,4323,1,17,0,1199,1800,80,0,0,255,0,13,0,0
2,30,21,99,4323,1,17,0,1198,1800,80,0,0,255,0,13,0,0
2,30,21,99,4323,1,17,0,1198,1800,80,0,0,255,0,13,0,0
2,30,21,99,4323,1,17,0,1197,1800,80,0,0,255,0,13,0,0
2,30,21,99,4323,1,17,0,1197,1800,80,0,0,255,0,13,0,0
2,30,21,99,4323,1,17,0,1196,1800,80,0,0,255,0,13,0,0
2,30,21,99,4323,1,17,0,1196,1800,80,0,0,255,0,13,0,0
2,30,21,99,4323,1,17,0,1195,1800,80,0,0,255,0,13,0,0
2,30,21,99,4323,1,17,0,1195,1800,80,0,0,255,0,13,0,0
2,30,21,99,4323,1,17,0,1194,1800,80,0,0,255,0,13,0,0
2,30,21,99,4323,1,17,0,1194,1800,80,0,0,255,0,13,0,0
2,30,21,99,4323,1,17,0,1193,1800,80,0,0,255,0,13,0,0
2,30,21,99,4323,1,17,0,1193,1800,80,0,0,255,0,13,0,0
2,30,21,99,4323,1,17,0,1192,1800,80,0,0,255,0,13,0,0
2,30,21,99,4323,1,17,0,1192,1800,80,0,0,255,0,13,0,0
2,30,21,99,4323,1,17,0,1191,1800,80,0,0,255,0,13,0,0
2,30,21,99,4323,1,17,0,1191,1800,80,0,0,255,0,13,0,0
2,30,21,99,4323,1,17,0,1190,1800,80,0,0,255,0,13,0,0
2,30,21,99,4323,1,17,0,1190,1800,80,0,0,255,0,13,0,0
2,30,21,99,4323,1,17,0,1189,1800,80,0,0,255,0,13,0,0
2,30,21,99,4323,1,17,0,1189,1800,80,0,0,255,0,13,0,0
2,30,21,99,4323,1,17,0,1188,1800,80,0,0,255,0,13,0,0
2,30,21,99,4323,1,17,0,1188,1800,80,0,0,255,0,13,0,0
2,30,21,99,4323,1,17,0,1187,1800,80,0,0,255,0,13,0,0
2,30,21,99,4323,1,17,0,1187,1800,80,0,0,255,0,13,0,0
2,30,21,99,4323,1,17,0,1186,1800,80,0,0,255,0,13,0,0
2,30,21,99,4323,1,17,0,1186,1800,80,0,0,255,0,13,0,0
2,30,21,99,4323,1,17,0,1185,1800,80,0,0,255,0,13,0,0
2,30,21,99,4323,1,17,0,1185,1800,80,0,0,255,0,13,0,0
2,30,21,99,4323,1,17,0,1184,1800,80,0,0,255,0,13,0,0
2,30,21,99,4323,1,17,0,1184,1800,80,0,0,255,0,13,0,0
2,30,21,99,4323,1,17,0,1183,1800,80,0,0,255,0,13,0,0
2,30,21,99,4323,1,17,0,1182,1800,80,0,0,255,0,13,0,0
2,30,21,99,4323,1,17,0,1182,1800,80,0,0,255,0,13,0,0
2,30,21,99,4323,1,17,0,1181,1800,80,0,0,255,0,13,0,0
2,30,21,99,4323,1,17,0,1181,1800,80,0,0,255,0,13,0,0
2,30,21,99,4323,1,17,0,1180,1800,80,0,0,255,0,13,0,0
2,30,21,99,4323,1,17,0,1180,1800,80,0,0,255,0,13,0,0
2,30,21,99,4323,1,17,0,1179,1800,80,0,0,255,0,13,0,0
2,30,21,99,4323,1,17,0,1179,1800,80,0,0,255,0,13,0,0
2,30,21,99,4323,1,17,0,1178,1800,80,0,0,255,0,13,0,0
2,30,21,99,4323,1,17,0,1178,1800,80,0,0,255,0,13,0,0
2,30,21,99,4323,1,17,0,1177,1800,80,0,0,255,0,13,0,0
2,30,21,99,4323,1,17,0,1177,1800,80,0,0,255,0,13,0,0
2,30,21,99,4323,1,17,0,1176,1800,80,0,0,255,0,13,0,0
2,30,21,99,4323,1,17,0,1176,1800,80,0,0,255,0,13,0,0
2,30,21,99,4323,1,17,0,1175,1800,80,0,0,255,0,13,0,0
2,30,21,99,4323,1,17,0,1175,1800,80,0,0,255,0,13,0,0
2,30,21,99,4323,1,17,0,1174,1800,80,0,0,255,0,13,0,0
2,30,21,99,4323,1,17,0,1174,1800,80,0,0,255,0,13,0,0
2,30,21,99,4323,1,17,0,1173,1800,80,0,0,255,0,13,0,0
2,30,21,99,4323,1,17,0,1173,1800,80,0,0,255,0,13,0,0
2,30,21,99,4323,1,17,0,1172,1800,80,0,0,255,0,13,0,0
2,30,21,99,4323,1,17,0,1172,1800,80,0,0,255,0,13,0,0
2,30,21,99,4323,1,17,0,1171,1800,80,0,0,255,0,13,0,0
2,30,21,99,4323,1,17,0,1171,1800,80,0,0,255,0,13,0,0
2,30,21,99,4323,1,17,0,1170,1800,80,0,0,255,0,13,0,0
2,30,21,99,4323,1,17,0,1170,1800,80,0,0,255,0,13,0,0
2,30,21,99,4323,1,17,0,1169,1800,80,0,0,255,0,13,0,0
2,30,21,99,4323,1,17,0,1169,1800,80,0,0,255,0,13,0,0
2,30,21,99,4323,1,17,0,1168,1800,80,0,0,255,0,13,0,0
2,30,21,99,4323,1,17,0,1168,1800,80,0,0,255,0,13,0,0
2,30,21,99,4323,1,17,0,1167,1800,80,0,0,255,0,13,0,0
2,30,21,99,4323,1,17,0,1167,1800,80,0,0,255,0,13,0,0
2,30,21,99,4323,1,17,0,1166,1800,80,0,0,255,0,13,0,0
2,30,21,99,4323,1,17,0,1166,1800,80,0,0,255,0,13,0,0
2,30,21,99,4323,1,17,0,1165,1800,80,0,0,255,0,13,0,0
2,30,21,99,4323,1,17,0,1165,1800,80,0,0,255,0,13,0,0
2,30,21,99,4323,1,17,0,1164,1800,80,0,0,255,0,13,0,0
2,30,21,99,4323,1,17,0,1164,1800,80,0,0,255,0,13,0,0
2,30,21,99,4323,1,17,0,1163,1800,80,0,0,255,0,13,0,0
2,30,21,99,4323,1,17,0,1163,1800,80,0,0,255,0,13,0,0
2,30,21,99,4323,1,17,0,1162,1800,80,0,0,255,0,13,0,0
2,30,21,99,4323,1,17,0,1162,1800,80,0,0,255,0,13,0,0
2,30,21,99,4323,1,17,0,1161,1800,80,0,0,255,0,13,0,0
2,30,21,99,4323,1,17,0,1161,1800,80,0,0,255,0,13,0,0
2,30,21,99,4323,1,17,0,1160,1800,80,0,0,255,0,13,0,0
2,30,21,99,4323,1,17,0,1160,1800,80,0,0,255,0,13,0,0
2,30,21,99,4323,1,17,0,1159,1800,80,0,0,255,0,13,0,0
2,30,21,99,4323,1,17,0,1159,1800,80,0,0,255,0,13,0,0
2,30,21,99,4323,1,17,0,1158,1800,80,0,0,255,0,13,0,0
2,30,21,99,4323,1,17,0,1158,1800,80,0,0,255,0,13,0,0
2,30,21,99,4323,1,17,0,1157,1800,80,0,0,255,0,13,0,0
2,30,21,99,4323,1,17,0,1157,1800,80,0,0,255,0,13,0,0
2,30,21,99,4323,1,17,0,1156,1800,80,0,0,255,0,13,0,0
2,30,21,99,4323,1,17,0,1156,1800,80,0,0,255,0,13,0,0
2,30,21,99,4323,1,17,0,1155,1800,80,0,0,255,0,13,0,0
2,30,21,99,4323,1,17,0,1155,1800,80,0,0,255,0,13,0,0
2,30,21,99,4323,1,17,0,1154,1800,80,0,0,255,0,13,0,0
2,30,21,99,4323,1,17,0,1154,1800,80,0,0,255,0,13,0,0
2,30,21,99,4323,1,17,0,1153,1800,80,0,0,255,0,13,0,0
2,30,21,99,4323,1,17,0,1153,1800,80,0,0,255,0,13,0,0
2,30,21,99,4323,1,17,0,1152,1800,80,0,0,255,0,13,0,0
2,30,21,99,4323,1,17,0,1152,1800,80,0,0,255,0,13,0,0
2,30,21,99,4323,1,17,0,1151,1800,80,0,0,255,0,13,0,0
2,30,21,99,4323,1,17,0,1151,1800,80,0,0,255,0,13,0,0
2,30,21,99,4323,1,17,0,1150,1800,80,0,0,255,0,13,0,0
2,30,21,99,4323,1,17,0,1150,1800,80,0,0,255,0,13,0,0
2,30,21,99,4323,1,17,0,1149,1800,80,0,0,255,0,13,0,0
2,30,21,99,4323,1,17,0,1149,1800,80,0,0,255,0,13,0,0
2,30,21,99,4323,1,17,0,1148,1800,80,0,0,255,0,13,0,0
2,30,21,99,4323,1,17,0,1148,1800,80,0,0,255,0,13,0,0
2,30,21,99,4323,1,17,0,1147,1800,80,0,0,255,0,13,0,0
2,30,21,99,4323,1,17,0,1147,1800,80,0,0,255,0,13,0,0
2,30,21,99,4323,1,17,0,1146,1800,80,0,0,255,0,13,0,0
2,30,21,99,4323,1,17,0,1146,1800,80,0,0,255,0,13,0,0
2,30,21,99,4323,1,17,0,1145,1800,80,0,0,255,0,13,0,0
2,30,21,99,4323,1,17,0,1145,1800,80,0,0,255,0,13,0,0
2,30,21,99,4323,1,17,0,1144,1800,80,0,0,255,0,13,0,0
2,30,21,99,4323,1,17,0,1144,1800,80,0,0,255,0,13,0,0
2,30,21,99,4323,1,17,0,1143,1800,80,0,0,255,0,13,0,0
2,30,21,99,4323,1,17,0,1143,1800,80,0,0,255,0,13,0,0
2,30,21,99,4323,1,17,0,1142,1800,80,0,0,255,0,13,0,0
2,30,21,99,4323,1,17,0,1142,1800,80,0,0,255,0,13,0,0
2,30,21,99,4323,1,17,0,1141,1800,80,0,0,255,0,13,0,0
2,30,21,99,4323,1,17,0,1141,1800,80,0,0,255,0,13,0,0
2,30,21,99,4323,1,17,0,1140,1800,80,0,0,255,0,13,0,0
2,30,21,99,4323,1,17,0,1140,1800,80,0,0,255,0,13,0,0
2,30,21,99,4323,1,17,0,1139,1800,80,0,0,255,0,13,0,0
2,30,21,99,4323,1,17,0,1139,1800,80,0,0,255,0,13,0,0
2,30,21,99,4323,1,17,0,1138,1800,80,0,0,255,0,13,0,0
2,30,21,99,4323,1,17,0,1138,1800,80,0,0,255,0,13,0,0
2,30,21,99,4323,1,17,0,1137,1800,80,0,0,255,0,13,0,0
2,30,21,99,4323,1,17,0,1137,1800,80,0,0,255,0,13,0,0
2,30,21,99,4323,1,17,0,1136,1800,80,0,0,255,0,13,0,0
2,30,21,99,4323,1,17,0,1136,1800,80,0,0,255,0,13,0,0
2,30,21,99,4323,1,17,0,1135,1800,80,0,0,255,0,13,0,0
2,30,21,99,4323,1,17,0,1135,1800,80,0,0,255,0,13,0,0
2,30,21,99,4323,1,17,0,1134,1800,80,0,0,255,0,13,0,0
2,30,21,99,4323,1,17,0,1134,1800,80,0,0,255,0,13,0,0
2,30,21,99,4323,1,17,0,1133,1800,80,0,0,255,0,13,0,0
2,30,21,99,4323,1,17,0,1133,1800,80,0,0,255,0,13,0,0
2,30,21,99,4323,1,17,0,1132,1800,80,0,0,255,0,13,0,0
2,30,21,99,4323,1,17,0,1132,1800,80,0,0,255,0,13,0,0
2,30,21,99,4323,1,17,0,1131,1800,80,0,0,255,0,13,0,0
2,30,21,99,4323,1,17,0,1131,1800,80,0,0,255,0,13,0,0
2,30,21,99,4323,1,17,0,1130,1800,80,0,0,255,0,13,0,0
2,30,21,99,4323,1,17,0,1130,1800,80,0,0,255,0,13,0,0
2,30,21,99,4323,1,17,0,1129,1800,80,0,0,255,0,13,0,0
2,30,21,99,4323,1,17,0,1129,1800,80,0,0,255,0,13,0,0
2,30,21,99,4323,1,17,0,1128,1800,80,0,0,255,0,13,0,0
2,30,21,99,4323,1,17,0,1128,1800,80,0,0,255,0,13,0,0
2,30,21,99,4323,1,17,0,1127,1800,80,0,0,255,0,13,0,0
2,30,21,99,4323,1,17,0,1127,1800,80,0,0,255,0,13,0,0
2,30,21,99,4323,1,17,0,1126,1800,80,0,0,255,0,13,0,0
2,30,21,99,4323,1,17,0,1126,1800,80,0,0,255,0,13,0,0
2,30,21,99,4323,1,17,0,1125,1800,80,0,0,255,0,13,0,0
2,30,21,99,4323,1,17,0,1125,1800,80,0,0,255,0,13,0,0
2,30,21,99,4323,1,17,0,1124,1800,80,0,0,255,0,13,0,0
2,30,21,99,4323,1,17,0,1124,1800,80,0,0,255,0,13,0,0
2,30,21,99,4323,1,17,0,1123,1800,80,0,0,255,0,13,0,0
2,30,21,99,4323,1,17,0,1123,1800,80,0,0,255,0,13,0,0
2,30,21,99,4323,1,17,0,1122,1800,80,0,0,255,0,13,0,0
2,30,21,99,4323,1,17,0,1122,1800,80,0,0,255,0,13,0,0
2,30,21,99,4323,1,17,0,1121,1800,80,0,0,255,0,13,0,0
2,30,21,99,4323,1,17,0,1120,1800,80,0,0,255,0,13,0,0
2,30,21,99,4323,1,17,0,1120,1800,80,0,0,255,0,13,0,0
2,30,21,99,4323,1,17,0,1119,1800,80,0,0,255,0,13,0,0
2,30,21,99,4323,1,17,0,1119,1800,80,0,0,255,0,13,0,0
2,30,21,99,4323,1,17,0,1118,1800,80,0,0,255,0,13,0,0
2,30,21,99,4323,1,17,0,1118,1800,80,0,0,255,0,13,0,0
2,30,21,99,4323,1,17,0,1117,1800,80,0,0,255,0,13,0,0
2,30,21,99,4323,1,17,0,1117,1800,80,0,0,255,0,13,0,0
2,30,21,99,4323,1,17,0,1116,1800,80,0,0,255,0,13,0,0
2,30,21,99,4323,1,17,0,1116,1800,80,0,0,255,0,13,0,0
2,30,21,99,4323,1,17,0,1115,1800,80,0,0,255,0,13,0,0
2,30,21,99,4323,1,17,0,1115,1800,80,0,0,255,0,13,0,0
2,30,21,99,4323,1,17,0,1114,1800,80,0,0,255,0,13,0,0
2,30,21,99,4323,1,17,0,1114,1800,80,0,0,255,0,13,0,0
2,30,21,99,4323,1,17,0,1113,1800,80,0,0,255,0,13,0,0
2,30,21,99,4323,1,17,0,1113,1800,80,0,0,255,0,13,0,0
2,30,21,99,4323,1,17,0,1112,1800,80,0,0,255,0,13,0,0
2,30,21,99,4323,1,17,0,1112,1800,80,0,0,255,0,13,0,0
2,30,21,99,4323,1,17,0,1111,1800,80,0,0,255,0,13,0,0
2,30,21,99,4323,1,17,0,1111,1800,80,0,0,255,0,13,0,0
2,30,21,99,4323,1,17,0,1110,1800,80,0,0,255,0,13,0,0
2,30,21,99,4323,1,17,0,1110,1800,80,0,0,255,0,13,0,0
2,30,21,99,4323,1,17,0,1109,1800,80,0,0,255,0,13,0,0
2,30,21,99,4323,1,17,0,1109,1800,80,0,0,255,0,13,0,0
2,30,21,99,4323,1,17,0,1108,1800,80,0,0,255,0,13,0,0
2,30,21,99,4323,1,17,0,1108,1800,80,0,0,255,0,13,0,0
2,30,21,99,4323,1,17,0,1107,1800,80,0,0,255,0,13,0,0
2,30,21,99,4323,1,17,0,1107,1800,80,0,0,255,0,13,0,0
2,30,21,99,4323,1,17,0,1106,1800,80,0,0,255,0,13,0,0
2,30,21,99,4323,1,17,0,1106,1800,80,0,0,255,0,13,0,0
2,30,21,99,4323,1,17,0,1105,1800,80,0,0,255,0,13,0,0
2,30,21,99,4323,1,17,0,1105,1800,80,0,0,255,0,13,0,0
2,30,21,99,4323,1,17,0,1104,1800,80,0,0,255,0,13,0,0
2,30,21,99,4323,1,17,0,1104,1800,80,0,0,255,0,13,0,0
2,30,21,99,4323,1,17,0,1103,1800,80,0,0,255,0,13,0,0
2,30,21,99,4323,1,17,0,1103,1800,80,0,0,255,0,13,0,0
2,30,21,99,4323,1,17,0,1102,1800,80,0,0,255,0,13,0,0
2,30,21,99,4323,1,17,0,1102,1800,80,0,0,255,0,13,0,0
2,30,21,99,4323,1,17,0,1101,1800,80,0,0,255,0,13,0,0
2,30,21,99,4323,1,17,0,1101,1800,80,0,0,255,0,13,0,0
2,30,21,99,4323,1,17,0,1100,1800,80,0,0,255,0,13,0,0
2,30,21,99,4323,1,17,0,1100,1800,80,0,0,255,0,13,0,0
2,30,21,99,4323,1,17,0,1099,1800,80,0,0,255,0,13,0,0
2,30,21,99,4323,1,17,0,1099,1800,80,0,0,255,0,13,0,0
2,30,21,99,4323,1,17,0,1098,1800,80,0,0,255,0,13,0,0
2,30,21,99,4323,1,17,0,1098,1800,80,0,0,255,0,13,0,0
2,30,21,99,4323,1,17,0,1097,1800,80,0,0,255,0,13,0,0
2,30,21,99,4323,1,17,0,1097,1800,80,0,0,255,0,13,0,0
2,30,21,99,4323,1,17,0,1096,1800,80,0,0,255,0,13,0,0
2,30,21,99,4323,1,17,0,1096,1800,80,0,0,255,0,13,0,0
2,30,21,99,4323,1,17,0,1095,1800,80,0,0,255,0,13,0,0
2,30,21,99,4323,1,17,0,1095,1800,80,0,0,255,0,13,0,0
2,30,21,99,4323,1,17,0,1094,1800,80,0,0,255,0,13,0,0
2,30,21,99,4323,1,17,0,1094,1800,80,0,0,255,0,13,0,0
2,30,21,99,4323,1,17,0,1093,1800,80,0,0,255,0,13,0,0
2,30,21,99,4323,1,17,0,1093,1800,80,0,0,255,0,13,0,0
2,30,21,99,4323,1,17,0,1092,1800,80,0,0,255,0,13,0,0
2,30,21,99,4323,1,17,0,1092,1800,80,0,0,255,0,13,0,0
2,30,21,99,4323,1,17,0,1091,1800,80,0,0,255,0,13,0,0
2,30,21,99,4323,1,17,0,1091,1800,80,0,0,255,0,13,0,0
2,30,21,99,4323,1,17,0,1090,1800,80,0,0,255,0,13,0,0
2,30,21,99,4323,1,17,0,1090,1800,80,0,0,255,0,13,0,0
2,30,21,99,4323,1,17,0,1089,1800,80,0,0,255,0,13,0,0
2,30,21,99,4323,1,17,0,1089,1800,80,0,0,255,0,13,0,0
2,30,21,99,4323,1,17,0,1088,1800,80,0,0,255,0,13,0,0
2,30,21,99,4323,1,17,0,1088,1800,80,0,0,255,0,13,0,0
2,30,21,99,4323,1,17,0,1087,1800,80,0,0,255,0,13,0,0
2,30,21,99,4323,1,17,0,1087,1800,80,0,0,255,0,13,0,0
2,30,21,99,4323,1,17,0,1086,1800,80,0,0,255,0,13,0,0
2,30,21,99,4323,1,17,0,1086,1800,80,0,0,255,0,13,0,0
2,30,21,99,4323,1,17,0,1085,1800,80,0,0,255,0,13,0,0
2,30,21,99,4323,1,17,0,1085,1800,80,0,0,255,0,13,0,0
2,30,21,99,4323,1,17,0,1084,1800,80,0,0,255,0,13,0,0
2,30,21,99,4323,1,17,0,1084,1800,80,0,0,255,0,13,0,0
2,30,21,99,4323,1,17,0,1083,1800,80,0,0,255,0,13,0,0
2,30,21,99,4323,1,17,0,1083,1800,80,0,0,255,0,13,0,0
2,30,21,99,4323,1,17,0,1082,1800,80,0,0,255,0,13,0,0
2,30,21,99,4323,1,17,0,1082,1800,80,0,0,255,0,13,0,0
2,30,21,99,4323,1,17,0,1081,1800,80,0,0,255,0,13,0,0
2,30,21,99,4323,1,17,0,1081,1800,80,0,0,255,0,13,0,0
2,30,21,99,4323,1,17,0,1080,1800,80,0,0,255,0,13,0,0
2,30,21,99,4323,1,17,0,1080,1800,80,0,0,255,0,13,0,0
2,30,21,99,4323,1,17,0,1079,1800,80,0,0,255,0,13,0,0
2,30,21,99,4323,1,17,0,1079,1800,80,0,0,255,0,13,0,0
2,30,21,99,4323,1,17,0,1078,1800,80,0,0,255,0,13,0,0
2,30,21,99,4323,1,17,0,1078,1800,80,0,0,255,0,13,0,0
2,30,21,99,4323,1,17,0,1077,1800,80,0,0,255,0,13,0,0
2,30,21,99,4323,1,17,0,1077,1800,80,0,0,255,0,13,0,0
2,30,21,99,4323,1,17,0,1076,1800,80,0,0,255,0,13,0,0
2,30,21,99,4323,1,17,0,1076,1800,80,0,0,255,0,13,0,0
2,30,21,99,4323,1,17,0,1075,1800,80,0,0,255,0,13,0,0
2,30,21,99,4323,1,17,0,1075,1800,80,0,0,255,0,13,0,0
2,30,21,99,4323,1,17,0,1074,1800,80,0,0,255,0,13,0,0
2,30,21,99,4323,1,17,0,1074,1800,80,0,0,255,0,13,0,0
2,30,21,99,4323,1,17,0,1073,1800,80,0,0,255,0,13,0,0
2,30,21,99,4323,1,17,0,1073,1800,80,0,0,255,0,13,0,0
2,30,21,99,4323,1,17,0,1072,1800,80,0,0,255,0,13,0,0
2,30,21,99,4323,1,17,0,1072,1800,80,0,0,255,0,13,0,0
2,30,21,99,4323,1,17,0,1071,1800,80,0,0,255,0,13,0,0
2,30,21,99,4323,1,17,0,1071,1800,80,0,0,255,0,13,0,0
2,30,21,99,4323,1,17,0,1070,1800,80,0,0,255,0,13,0,0
2,30,21,99,4323,1,17,0,1070,1800,80,0,0,255,0,13,0,0
2,30,21,99,4323,1,17,0,1069,1800,80,0,0,255,0,13,0,0
2,30,21,99,4323,1,17,0,1069,1800,80,0,0,255,0,13,0,0
2,30,21,99,4323,1,17,0,1068,1800,80,0,0,255,0,13,0,0
2,30,21,99,4323,1,17,0,1068,1800,80,0,0,255,0,13,0,0
2,30,21,99,4323,1,17,0,1067,1800,80,0,0,255,0,13,0,0
2,30,21,99,4323,1,17,0,1067,1800,80,0,0,255,0,13,0,0
2,30,21,99,4323,1,17,0,1066,1800,80,0,0,255,0,13,0,0
2,30,21,99,4323,1,17,0,1066,1800,80,0,0,255,0,13,0,0
2,30,21,99,4323,1,17,0,1065,1800,80,0,0,255,0,13,0,0
2,30,21,99,4323,1,17,0,1065,1800,80,0,0,255,0,13,0,0
2,30,21,99,4323,1,17,0,1064,1800,80,0,0,255,0,13,0,0
2,30,21,99,4323,1,17,0,1063,1800,80,0,0,255,0,13,0,0
2,30,21,99,4323,1,17,0,1063,1800,80,0,0,255,0,13,0,0
2,30,21,99,4323,1,17,0,1062,1800,80,0,0,255,0,13,0,0
2,30,21,99,4323,1,17,0,1062,1800,80,0,0,255,0,13,0,0
2,30,21,99,4323,1,17,0,1062,1800,80,0,0,255,0,13,0,0
2,30,21,99,4323,1,17,0,1061,1800,80,0,0,255,0,13,0,0
2,30,21,99,4323,1,17,0,1060,1800,80,0,0,255,0,13,0,0
2,30,21,99,4323,1,17,0,1060,1800,80,0,0,255,0,13,0,0
2,30,21,99,4323,1,17,0,1059,1800,80,0,0,255,0,13,0,0
2,30,21,99,4323,1,17,0,1059,1800,80,0,0,255,0,13,0,0
2,30,21,99,4323,1,17,0,1058,1800,80,0,0,255,0,13,0,0
2,30,21,99,4323,1,17,0,1058,1800,80,0,0,255,0,13,0,0
2,30,21,99,4323,1,17,0,1057,1800,80,0,0,255,0,13,0,0
2,30,21,99,4323,1,17,0,1057,1800,80,0,0,255,0,13,0,0
2,30,21,99,4323,1,17,0,1056,1800,80,0,0,255,0,13,0,0
2,30,21,99,4323,1,17,0,1056,1800,80,0,0,255,0,13,0,0
2,30,21,99,4323,1,17,0,1055,1800,80,0,0,255,0,13,0,0
2,30,21,99,4323,1,17,0,1055,1800,80,0,0,255,0,13,0,0
2,30,21,99,4323,1,17,0,1054,1800,80,0,0,255,0,13,0,0
2,30,21,99,4323,1,17,0,1054,1800,80,0,0,255,0,13,0,0
2,30,21,99,4323,1,17,0,1053,1800,80,0,0,255,0,13,0,0
2,30,21,99,4323,1,17,0,1053,1800,80,0,0,255,0,13,0,0
2,30,21,99,4323,1,17,0,1052,1800,80,0,0,255,0,13,0,0
2,30,21,99,4323,1,17,0,1052,1800,80,0,0,255,0,13,0,0
2,30,21,99,4323,1,17,0,1051,1800,80,0,0,255,0,13,0,0
2,30,21,99,4323,1,17,0,1051,1800,80,0,0,255,0,13,0,0
2,30,21,99,4323,1,17,0,1050,1800,80,0,0,255,0,13,0,0
2,30,21,99,4323,1,17,0,1050,1800,80,0,0,255,0,13,0,0
2,30,21,99,4323,1,17,0,1049,1800,80,0,0,255,0,13,0,0
2,30,21,99,4323,1,17,0,1049,1800,80,0,0,255,0,13,0,0
2,30,21,99,4323,1,17,0,1048,1800,80,0,0,255,0,13,0,0
2,30,21,99,4323,1,17,0,1048,1800,80,0,0,255,0,13,0,0
2,30,21,99,4323,1,17,0,1047,1800,80,0,0,255,0,13,0,0
2,30,21,99,4323,1,17,0,1047,1800,80,0,0,255,0,13,0,0
2,30,21,99,4323,1,17,0,1046,1800,80,0,0,255,0,13,0,0
2,30,21,99,4323,1,17,0,1046,1800,80,0,0,255,0,13,0,0
2,30,21,99,4323,1,17,0,1045,1800,80,0,0,255,0,13,0,0
2,30,21,99,4323,1,17,0,1045,1800,80,0,0,255,0,13,0,0
2,30,21,99,4323,1,17,0,1044,1800,80,0,0,255,0,13,0,0
2,30,21,99,4323,1,17,0,1044,1800,80,0,0,255,0,13,0,0
2,30,21,99,4323,1,17,0,1043,1800,80,0,0,255,0,13,0,0
2,30,21,99,4323,1,17,0,1043,1800,80,0,0,255,0,13,0,0
2,30,21,99,4323,1,17,0,1042,1800,80,0,0,255,0,13,0,0
2,30,21,99,4323,1,17,0,1042,1800,80,0,0,255,0,13,0,0
2,30,21,99,4323,1,17,0,1041,1800,80,0,0,255,0,13,0,0
2,30,21,99,4323,1,17,0,1041,1800,80,0,0,255,0,13,0,0
2,30,21,99,4323,1,17,0,1040,1800,80,0,0,255,0,13,0,0
2,30,21,99,4323,1,17,0,1040,1800,80,0,0,255,0,13,0,0
2,30,21,99,4323,1,17,0,1039,1800,80,0,0,255,0,13,0,0
2,30,21,99,4323,1,17,0,1039,1800,80,0,0,255,0,13,0,0
2,30,21,99,4323,1,17,0,1038,1800,80,0,0,255,0,13,0,0
2,30,21,99,4323,1,17,0,1038,1800,80,0,0,255,0,13,0,0
2,30,21,99,4323,1,17,0,1037,1800,80,0,0,255,0,13,0,0
2,30,21,99,4323,1,17,0,1037,1800,80,0,0,255,0,13,0,0
2,30,21,99,4323,1,17,0,1036,1800,80,0,0,255,0,13,0,0
2,30,21,99,4323,1,17,0,1036,1800,80,0,0,255,0,13,0,0
2,30,21,99,4323,1,17,0,1035,1800,80,0,0,255,0,13,0,0
2,30,21,99,4323,1,17,0,1035,1800,80,0,0,255,0,13,0,0
2,30,21,99,4323,1,17,0,1034,1800,80,0,0,255,0,13,0,0
2,30,21,99,4323,1,17,0,1034,1800,80,0,0,255,0,13,0,0
2,30,21,99,4323,1,17,0,1033,1800,80,0,0,255,0,13,0,0
2,30,21,99,4323,1,17,0,1033,1800,80,0,0,255,0,13,0,0
2,30,21,99,4323,1,17,0,1032,1800,80,0,0,255,0,13,0,0
2,30,21,99,4323,1,17,0,1032,1800,80,0,0,255,0,13,0,0
2,30,21,99,4323,1,17,0,1031,1800,80,0,0,255,0,13,0,0
2,30,21,99,4323,1,17,0,1031,1800,80,0,0,255,0,13,0,0
2,30,21,99,4323,1,17,0,1030,1800,80,0,0,255,0,13,0,0
2,30,21,99,4323,1,17,0,1030,1800,80,0,0,255,0,13,0,0
2,30,21,99,4323,1,17,0,1029,1800,80,0,0,255,0,13,0,0
2,30,21,99,4323,1,17,0,1029,1800,80,0,0,255,0,13,0,0
2,30,21,99,4323,1,17,0,1028,1800,80,0,0,255,0,13,0,0
2,30,21,99,4323,1,17,0,1028,1800,80,0,0,255,0,13,0,0
2,30,21,99,4323,1,17,0,1027,1800,80,0,0,255,0,13,0,0
2,30,21,99,4323,1,17,0,1027,1800,80,0,0,255,0,13,0,0
2,30,21,99,4323,1,17,0,1026,1800,80,0,0,255,0,13,0,0
2,30,21,99,4323,1,17,0,1026,1800,80,0,0,255,0,13,0,0
2,30,21,99,4323,1,17,0,1025,1800,80,0,0,255,0,13,0,0
2,30,21,99,4323,1,17,0,1025,1800,80,0,0,255,0,13,0,0
2,30,21,99,4323,1,17,0,1024,1800,80,0,0,255,0,13,0,0
2,30,21,99,4323,1,17,0,1024,1800,80,0,0,255,0,13,0,0
2,30,21,99,4323,1,17,0,1023,1800,80,0,0,255,0,13,0,0
2,30,21,99,4323,1,17,0,1023,1800,80,0,0,255,0,13,0,0
2,30,21,99,4323,1,17,0,1022,1800,80,0,0,255,0,13,0,0
2,30,21,99,4323,1,17,0,1022,1800,80,0,0,255,0,13,0,0
2,30,21,99,4323,1,17,0,1021,1800,80,0,0,255,0,13,0,0
2,30,21,99,4323,1,17,0,1021,1800,80,0,0,255,0,13,0,0
2,30,21,99,4323,1,17,0,1020,1800,80,0,0,255,0,13,0,0
2,30,21,99,4323,1,17,0,1020,1800,80,0,0,255,0,13,0,0
2,30,21,99,4323,1,17,0,1019,1800,80,0,0,255,0,13,0,0
2,30,21,99,4323,1,17,0,1019,1800,80,0,0,255,0,13,0,0
2,30,21,99,4323,1,17,0,1018,1800,80,0,0,255,0,13,0,0
2,30,21,99,4323,1,17,0,1018,1800,80,0,0,255,0,13,0,0
2,30,21,99,4323,1,17,0,1017,1800,80,0,0,255,0,13,0,0
2,30,21,99,4323,1,17,0,1017,1800,80,0,0,255,0,13,0,0
2,30,21,99,4323,1,17,0,1016,1800,80,0,0,255,0,13,0,0
2,30,21,99,4323,1,17,0,1016,1800,80,0,0,255,0,13,0,0
2,30,21,99,4323,1,17,0,1015,1800,80,0,0,255,0,13,0,0
2,30,21,99,4323,1,17,0,1015,1800,80,0,0,255,0,13,0,0
2,30,21,99,4323,1,17,0,1014,1800,80,0,0,255,0,13,0,0
2,30,21,99,4323,1,17,0,1014,1800,80,0,0,255,0,13,0,0
2,30,21,99,4323,1,17,0,1013,1800,80,0,0,255,0,13,0,0
2,30,21,99,4323,1,17,0,1013,1800,80,0,0,255,0,13,0,0
2,30,21,99,4323,1,17,0,1012,1800,80,0,0,255,0,13,0,0
2,30,21,99,4323,1,17,0,1012,1800,80,0,0,255,0,13,0,0
2,30,21,99,4323,1,17,0,1011,1800,80,0,0,255,0,13,0,0
2,30,21,99,4323,1,17,0,1011,1800,80,0,0,255,0,13,0,0
2,30,21,99,4323,1,17,0,1010,1800,80,0,0,255,0,13,0,0
2,30,21,99,4323,1,17,0,1010,1800,80,0,0,255,0,13,0,0
2,30,21,99,4323,1,17,0,1009,1800,80,0,0,255,0,13,0,0
2,30,21,99,4323,1,17,0,1009,1800,80,0,0,255,0,13,0,0
2,30,21,99,4323,1,17,0,1008,1800,80,0,0,255,0,13,0,0
2,30,21,99,4323,1,17,0,1008,1800,80,0,0,255,0,13,0,0
2,30,21,99,4323,1,17,0,1007,1800,80,0,0,255,0,13,0,0
2,30,21,99,4323,1,17,0,1007,1800,80,0,0,255,0,13,0,0
2,30,21,99,4323,1,17,0,1006,1800,80,0,0,255,0,13,0,0
2,30,21,99,4323,1,17,0,1006,1800,80,0,0,255,0,13,0,0
2,30,21,99,4323,1,17,0,1005,1800,80,0,0,255,0,13,0,0
2,30,21,99,4323,1,17,0,1005,1800,80,0,0,255,0,13,0,0
2,30,21,99,4323,1,17,0,1004,1800,80,0,0,255,0,13,0,0
2,30,21,99,4323,1,17,0,1004,1800,80,0,0,255,0,13,0,0
2,30,21,99,4323,1,17,0,1003,1800,80,0,0,255,0,13,0,0
2,30,21,99,4323,1,17,0,1003,1800,80,0,0,255,0,13,0,0
2,30,21,99,4323,1,17,0,1002,1800,80,0,0,255,0,13,0,0
2,30,21,99,4323,1,17,0,1002,1800,80,0,0,255,0,13,0,0
2,30,21,99,4323,1,17,0,1001,1800,80,0,0,255,0,13,0,0
2,30,21,99,4323,1,17,0,1000,1800,80,0,0,255,0,13,0,0
2,30,21,99,4323,1,17,0,1000,1800,80,0,0,255,0,13,0,0
2,30,21,99,4323,1,17,0,999,1800,80,0,0,255,0,13,0,0
2,30,21,99,4323,1,17,0,999,1800,80,0,0,255,0,13,0,0
2,30,21,99,4323,1,17,0,998,1800,80,0,0,255,0,13,0,0
2,30,21,99,4323,1,17,0,998,1800,80,0,0,255,0,13,0,0
2,30,21,99,4323,1,17,0,997,1800,80,0,0,255,0,13,0,0
2,30,21,99,4323,1,17,0,997,1800,80,0,0,255,0,13,0,0
2,30,21,99,4323,1,17,0,996,1800,80,0,0,255,0,13,0,0
2,30,21,99,4323,1,17,0,996,1800,80,0,0,255,0,13,0,0
2,30,21,99,4323,1,17,0,995,1800,80,0,0,255,0,13,0,0
2,30,21,99,4323,1,17,0,995,1800,80,0,0,255,0,13,0,0
2,30,21,99,4323,1,17,0,994,1800,80,0,0,255,0,13,0,0
2,30,21,99,4323,1,17,0,994,1800,80,0,0,255,0,13,0,0
2,30,21,99,4323,1,17,0,993,1800,80,0,0,255,0,13,0,0
2,30,21,99,4323,1,17,0,993,1800,80,0,0,255,0,13,0,0
2,30,21,99,4323,1,17,0,992,1800,80,0,0,255,0,13,0,0
2,30,21,99,4323,1,17,0,992,1800,80,0,0,255,0,13,0,0
2,30,21,99,4323,1,17,0,991,1800,80,0,0,255,0,13,0,0
2,30,21,99,4323,1,17,0,991,1800,80,0,0,255,0,13,0,0
2,30,21,99,4323,1,17,0,990,1800,80,0,0,255,0,13,0,0
2,30,21,99,4323,1,17,0,990,1800,80,0,0,255,0,13,0,0
2,30,21,99,4323,1,17,0,989,1800,80,0,0,255,0,13,0,0
2,30,21,99,4323,1,17,0,989,1800,80,0,0,255,0,13,0,0
2,30,21,99,4323,1,17,0,988,1800,80,0,0,255,0,13,0,0
2,30,21,99,4323,1,17,0,988,1800,80,0,0,255,0,13,0,0
2,30,21,99,4323,1,17,0,987,1800,80,0,0,255,0,13,0,0
2,30,21,99,4323,1,17,0,987,1800,80,0,0,255,0,13,0,0
2,30,21,99,4323,1,17,0,986,1800,80,0,0,255,0,13,0,0
2,30,21,99,4323,1,17,0,986,1800,80,0,0,255,0,13,0,0
2,30,21,99,4323,1,17,0,985,1800,80,0,0,255,0,13,0,0
2,30,21,99,4323,1,17,0,985,1800,80,0,0,255,0,13,0,0
2,30,21,99,4323,1,17,0,984,1800,80,0,0,255,0,13,0,0
2,30,21,99,4323,1,17,0,984,1800,80,0,0,255,0,13,0,0
2,30,21,99,4323,1,17,0,983,1800,80,0,0,255,0,13,0,0
2,30,21,99,4323,1,17,0,983,1800,80,0,0,255,0,13,0,0
2,30,21,99,4323,1,17,0,982,1800,80,0,0,255,0,13,0,0
2,30,21,99,4323,1,17,0,982,1800,80,0,0,255,0,13,0,0
2,30,21,99,4323,1,17,0,981,1800,80,0,0,255,0,13,0,0
2,30,21,99,4323,1,17,0,981,1800,80,0,0,255,0,13,0,0
2,30,21,99,4323,1,17,0,980,1800,80,0,0,255,0,13,0,0
2,30,21,99,4323,1,17,0,980,1800,80,0,0,255,0,13,0,0
2,30,21,99,4323,1,17,0,979,1800,80,0,0,255,0,13,0,0
2,30,21,99,4323,1,17,0,979,1800,80,0,0,255,0,13,0,0
2,30,21,99,4323,1,17,0,978,1800,80,0,0,255,0,13,0,0
2,30,21,99,4323,1,17,0,978,1800,80,0,0,255,0,13,0,0
2,30,21,99,4323,1,17,0,977,1800,80,0,0,255,0,13,0,0
2,30,21,99,4323,1,17,0,977,1800,80,0,0,255,0,13,0,0
2,30,21,99,4323,1,17,0,976,1800,80,0,0,255,0,13,0,0
2,30,21,99,4323,1,17,0,976,1800,80,0,0,255,0,13,0,0
2,30,21,99,4323,1,17,0,975,1800,80,0,0,255,0,13,0,0
2,30,21,99,4323,1,17,0,975,1800,80,0,0,255,0,13,0,0
2,30,21,99,4323,1,17,0,974,1800,80,0,0,255,0,13,0,0
2,30,21,99,4323,1,17,0,974,1800,80,0,0,255,0,13,0,0
2,30,21,99,4323,1,17,0,973,1800,80,0,0,255,0,13,0,0
2,30,21,99,4323,1,17,0,973,1800,80,0,0,255,0,13,0,0
2,30,21,99,4323,1,17,0,972,1800,80,0,0,255,0,13,0,0
2,30,21,99,4323,1,17,0,972,1800,80,0,0,255,0,13,0,0
2,30,21,99,4323,1,17,0,971,1800,80,0,0,255,0,13,0,0
2,30,21,99,4323,1,17,0,971,1800,80,0,0,255,0,13,0,0
2,30,21,99,4323,1,17,0,970,1800,80,0,0,255,0,13,0,0
2,30,21,99,4323,1,17,0,970,1800,80,0,0,255,0,13,0,0
2,30,21,99,4323,1,17,0,969,1800,80,0,0,255,0,13,0,0
2,30,21,99,4323,1,17,0,969,1800,80,0,0,255,0,13,0,0
2,30,21,99,4323,1,17,0,968,1800,80,0,0,255,0,13,0,0
2,30,21,99,4323,1,17,0,968,1800,80,0,0,255,0,13,0,0
2,30,21,99,4323,1,17,0,967,1800,80,0,0,255,0,13,0,0
2,30,21,99,4323,1,17,0,967,1800,80,0,0,255,0,13,0,0
2,30,21,99,4323,1,17,0,966,1800,80,0,0,255,0,13,0,0
2,30,21,99,4323,1,17,0,966,1800,80,0,0,255,0,13,0,0
2,30,21,99,4323,1,17,0,965,1800,80,0,0,255,0,13,0,0
2,30,21,99,4323,1,17,0,965,1800,80,0,0,255,0,13,0,0
2,30,21,99,4323,1,17,0,964,1800,80,0,0,255,0,13,0,0
2,30,21,99,4323,1,17,0,964,1800,80,0,0,255,0,13,0,0
2,30,21,99,4323,1,17,0,963,1800,80,0,0,255,0,13,0,0
2,30,21,99,4323,1,17,0,963,1800,80,0,0,255,0,13,0,0
2,30,21,99,4323,1,17,0,962,1800,80,0,0,255,0,13,0,0
2,30,21,99,4323,1,17,0,962,1800,80,0,0,255,0,13,0,0
2,30,21,99,4323,1,17,0,961,1800,80,0,0,255,0,13,0,0
2,30,21,99,4323,1,17,0,961,1800,80,0,0,255,0,13,0,0
2,30,21,99,4323,1,17,0,960,1800,80,0,0,255,0,13,0,0
2,30,21,99,4323,1,17,0,960,1800,80,0,0,255,0,13,0,0
2,30,21,99,4323,1,17,0,959,1800,80,0,0,255,0,13,0,0
2,30,21,99,4323,1,17,0,959,1800,80,0,0,255,0,13,0,0
2,30,21,99,4323,1,17,0,958,1800,80,0,0,255,0,13,0,0
2,30,21,99,4323,1,17,0,958,1800,80,0,0,255,0,13,0,0
2,30,21,99,4323,1,17,0,957,1800,80,0,0,255,0,13,0,0
2,30,21,99,4323,1,17,0,957,1800,80,0,0,255,0,13,0,0
2,30,21,99,4323,1,17,0,956,1800,80,0,0,255,0,13,0,0
2,30,21,99,4323,1,17,0,956,1800,80,0,0,255,0,13,0,0
2,30,21,99,4323,1,17,0,955,1800,80,0,0,255,0,13,0,0
2,30,21,99,4323,1,17,0,955,1800,80,0,0,255,0,13,0,0
2,30,21,99,4323,1,17,0,954,1800,80,0,0,255,0,13,0,0
2,30,21,99,4323,1,17,0,954,1800,80,0,0,255,0,13,0,0
2,30,21,99,4323,1,17,0,953,1800,80,0,0,255,0,13,0,0
2,30,21,99,4323,1,17,0,953,1800,80,0,0,255,0,13,0,0
2,30,21,99,4323,1,17,0,952,1800,80,0,0,255,0,13,0,0
2,30,21,99,4323,1,17,0,952,1800,80,0,0,255,0,13,0,0
2,30,21,99,4323,1,17,0,951,1800,80,0,0,255,0,13,0,0
2,30,21,99,4323,1,17,0,951,1800,80,0,0,255,0,13,0,0
2,30,21,99,4323,1,17,0,950,1800,80,0,0,255,0,13,0,0
2,30,21,99,4323,1,17,0,950,1800,80,0,0,255,0,13,0,0
2,30,21,99,4323,1,17,0,949,1800,80,0,0,255,0,13,0,0
2,30,21,99,4323,1,17,0,949,1800,80,0,0,255,0,13,0,0
2,30,21,99,4323,1,17,0,948,1800,80,0,0,255,0,13,0,0
2,30,21,99,4323,1,17,0,948,1800,80,0,0,255,0,13,0,0
2,30,21,99,4323,1,17,0,947,1800,80,0,0,255,0,13,0,0
2,30,21,99,4323,1,17,0,947,1800,80,0,0,255,0,13,0,0
2,30,21,99,4323,1,17,0,946,1800,80,0,0,255,0,13,0,0
2,30,21,99,4323,1,17,0,946,1800,80,0,0,255,0,13,0,0
2,30,21,99,4323,1,17,0,945,1800,80,0,0,255,0,13,0,0
2,30,21,99,4323,1,17,0,945,1800,80,0,0,255,0,13,0,0
2,30,21,99,4323,1,17,0,944,1800,80,0,0,255,0,13,0,0
2,30,21,99,4323,1,17,0,944,1800,80,0,0,255,0,13,0,0
2,30,21,99,4323,1,17,0,943,1800,80,0,0,255,0,13,0,0
2,30,21,99,4323,1,17,0,942,1800,80,0,0,255,0,13,0,0
2,30,21,99,4323,1,17,0,942,1800,80,0,0,255,0,13,0,0
2,30,21,99,4323,1,17,0,941,1800,80,0,0,255,0,13,0,0
2,30,21,99,4323,1,17,0,941,1800,80,0,0,255,0,13,0,0
2,30,21,99,4323,1,17,0,940,1800,80,0,0,255,0,13,0,0
2,30,21,99,4323,1,17,0,940,1800,80,0,0,255,0,13,0,0
2,30,21,99,4323,1,17,0,939,1800,80,0,0,255,0,13,0,0
2,30,21,99,4323,1,17,0,939,1800,80,0,0,255,0,13,0,0
2,30,21,99,4323,1,17,0,938,1800,80,0,0,255,0,13,0,0
2,30,21,99,4323,1,17,0,938,1800,80,0,0,255,0,13,0,0
2,30,21,99,4323,1,17,0,937,1800,80,0,0,255,0,13,0,0
2,30,21,99,4323,1,17,0,937,1800,80,0,0,255,0,13,0,0
2,30,21,99,4323,1,17,0,936,1800,80,0,0,255,0,13,0,0
2,30,21,99,4323,1,17,0,936,1800,80,0,0,255,0,13,0,0
2,30,21,99,4323,1,17,0,935,1800,80,0,0,255,0,13,0,0
2,30,21,99,4323,1,17,0,935,1800,80,0,0,255,0,13,0,0
2,30,21,99,4323,1,17,0,934,1800,80,0,0,255,0,13,0,0
2,30,21,99,4323,1,17,0,934,1800,80,0,0,255,0,13,0,0
2,30,21,99,4323,1,17,0,933,1800,80,0,0,255,0,13,0,0
2,30,21,99,4323,1,17,0,933,1800,80,0,0,255,0,13,0,0
2,30,21,99,4323,1,17,0,932,1800,80,0,0,255,0,13,0,0
2,30,21,99,4323,1,17,0,932,1800,80,0,0,255,0,13,0,0
2,30,21,99,4323,1,17,0,931,1800,80,0,0,255,0,13,0,0
2,30,21,99,4323,1,17,0,931,1800,80,0,0,255,0,13,0,0
2,30,21,99,4323,1,17,0,930,1800,80,0,0,255,0,13,0,0
2,30,21,99,4323,1,17,0,930,1800,80,0,0,255,0,13,0,0
2,30,21,99,4323,1,17,0,929,1800,80,0,0,255,0,13,0,0
2,30,21,99,4323,1,17,0,929,1800,80,0,0,255,0,13,0,0
2,30,21,99,4323,1,17,0,928,1800,80,0,0,255,0,13,0,0
2,30,21,99,4323,1,17,0,928,1800,80,0,0,255,0,13,0,0
2,30,21,99,4323,1,17,0,927,1800,80,0,0,255,0,13,0,0
2,30,21,99,4323,1,17,0,927,1800,80,0,0,255,0,13,0,0
2,30,21,99,4323,1,17,0,926,1800,80,0,0,255,0,13,0,0
2,30,21,99,4323,1,17,0,926,1800,80,0,0,255,0,13,0,0
2,30,21,99,4323,1,17,0,925,1800,80,0,0,255,0,13,0,0
2,30,21,99,4323,1,17,0,925,1800,80,0,0,255,0,13,0,0
2,30,21,99,4323,1,17,0,924,1800,80,0,0,255,0,13,0,0
2,30,21,99,4323,1,17,0,924,1800,80,0,0,255,0,13,0,0
2,30,21,99,4323,1,17,0,923,1800,80,0,0,255,0,13,0,0
2,30,21,99,4323,1,17,0,923,1800,80,0,0,255,0,13,0,0
2,30,21,99,4323,1,17,0,922,1800,80,0,0,255,0,13,0,0
2,30,21,99,4323,1,17,0,922,1800,80,0,0,255,0,13,0,0
2,30,21,99,4323,1,17,0,921,1800,80,0,0,255,0,13,0,0
2,30,21,99,4323,1,17,0,921,1800,80,0,0,255,0,13,0,0
2,30,21,99,4323,1,17,0,920,1800,80,0,0,255,0,13,0,0
2,30,21,99,4323,1,17,0,920,1800,80,0,0,255,0,13,0,0
2,30,21,99,4323,1,17,0,919,1800,80,0,0,255,0,13,0,0
2,30,21,99,4323,1,17,0,919,1800,80,0,0,255,0,13,0,0
2,30,21,99,4323,1,17,0,918,1800,80,0,0,255,0,13,0,0
2,30,21,99,4323,1,17,0,918,1800,80,0,0,255,0,13,0,0
2,30,21,99,4323,1,17,0,917,1800,80,0,0,255,0,13,0,0
2,30,21,99,4323,1,17,0,917,1800,80,0,0,255,0,13,0,0
2,30,21,99,4323,1,17,0,916,1800,80,0,0,255,0,13,0,0
2,30,21,99,4323,1,17,0,916,1800,80,0,0,255,0,13,0,0
2,30,21,99,4323,1,17,0,915,1800,80,0,0,255,0,13,0,0
2,30,21,99,4323,1,17,0,915,1800,80,0,0,255,0,13,0,0
2,30,21,99,4323,1,17,0,914,1800,80,0,0,255,0,13,0,0
2,30,21,99,4323,1,17,0,914,1800,80,0,0,255,0,13,0,0
2,30,21,99,4323,1,17,0,913,1800,80,0,0,255,0,13,0,0
2,30,21,99,4323,1,17,0,913,1800,80,0,0,255,0,13,0,0
2,30,21,99,4323,1,17,0,912,1800,80,0,0,255,0,13,0,0
2,30,21,99,4323,1,17,0,912,1800,80,0,0,255,0,13,0,0
2,30,21,99,4323,1,17,0,911,1800,80,0,0,255,0,13,0,0
2,30,21,99,4323,1,17,0,911,1800,80,0,0,255,0,13,0,0
2,30,21,99,4323,1,17,0,910,1800,80,0,0,255,0,13,0,0
2,30,21,99,4323,1,17,0,910,1800,80,0,0,255,0,13,0,0
2,30,21,99,4323,1,17,0,909,1800,80,0,0,255,0,13,0,0
2,30,21,99,4323,1,17,0,909,1800,80,0,0,255,0,13,0,0
2,30,21,99,4323,1,17,0,908,1800,80,0,0,255,0,13,0,0
2,30,21,99,4323,1,17,0,908,1800,80,0,0,255,0,13,0,0
2,30,21,99,4323,1,17,0,907,1800,80,0,0,255,0,13,0,0
2,30,21,99,4323,1,17,0,907,1800,80,0,0,255,0,13,0,0
2,30,21,99,4323,1,17,0,906,1800,80,0,0,255,0,13,0,0
2,30,21,99,4323,1,17,0,906,1800,80,0,0,255,0,13,0,0
2,30,21,99,4323,1,17,0,905,1800,80,0,0,255,0,13,0,0
2,30,21,99,4323,1,17,0,905,1800,80,0,0,255,0,13,0,0
2,30,21,99,4323,1,17,0,904,1800,80,0,0,255,0,13,0,0
2,30,21,99,4323,1,17,0,904,1800,80,0,0,255,0,13,0,0
2,30,21,99,4323,1,17,0,903,1800,80,0,0,255,0,13,0,0
2,30,21,99,4323,1,17,0,903,1800,80,0,0,255,0,13,0,0
2,30,21,99,4323,1,17,0,902,1800,80,0,0,255,0,13,0,0
2,30,21,99,4323,1,17,0,902,1800,80,0,0,255,0,13,0,0
2,30,21,99,4323,1,17,0,901,1800,80,0,0,255,0,13,0,0
2,30,21,99,4323,1,17,0,901,1800,80,0,0,255,0,13,0,0
2,30,21,99,4323,1,17,0,900,1800,80,0,0,255,0,13,0,0
2,30,21,99,4323,1,17,0,900,1800,80,0,0,255,0,13,0,0
2,30,21,99,4323,1,17,0,899,1800,80,0,0,255,0,13,0,0
2,30,21,99,4323,1,17,0,899,1800,80,0,0,255,0,13,0,0
2,30,21,99,4323,1,17,0,898,1800,80,0,0,255,0,13,0,0
2,30,21,99,4323,1,17,0,898,1800,80,0,0,255,0,13,0,0
2,30,21,99,4323,1,17,0,897,1800,80,0,0,255,0,13,0,0
2,30,21,99,4323,1,17,0,897,1800,80,0,0,255,0,13,0,0
2,30,21,99,4323,1,17,0,896,1800,80,0,0,255,0,13,0,0
2,30,21,99,4323,1,17,0,896,1800,80,0,0,255,0,13,0,0
2,30,21,99,4323,1,17,0,895,1800,80,0,0,255,0,13,0,0
2,30,21,99,4323,1,17,0,895,1800,80,0,0,255,0,13,0,0
2,30,21,99,4323,1,17,0,894,1800,80,0,0,255,0,13,0,0
2,30,21,99,4323,1,17,0,894,1800,80,0,0,255,0,13,0,0
2,30,21,99,4323,1,17,0,893,1800,80,0,0,255,0,13,0,0
2,30,21,99,4323,1,17,0,893,1800,80,0,0,255,0,13,0,0
2,30,21,99,4323,1,17,0,892,1800,80,0,0,255,0,13,0,0
2,30,21,99,4323,1,17,0,892,1800,80,0,0,255,0,13,0,0
2,30,21,99,4323,1,17,0,891,1800,80,0,0,255,0,13,0,0
2,30,21,99,4323,1,17,0,891,1800,80,0,0,255,0,13,0,0
2,30,21,99,4323,1,17,0,890,1800,80,0,0,255,0,13,0,0
2,30,21,99,4323,1,17,0,890,1800,80,0,0,255,0,13,0,0
2,30,21,99,4323,1,17,0,889,1800,80,0,0,255,0,13,0,0
2,30,21,99,4323,1,17,0,889,1800,80,0,0,255,0,13,0,0
2,30,21,99,4323,1,17,0,888,1800,80,0,0,255,0,13,0,0
2,30,21,99,4323,1,17,0,888,1800,80,0,0,255,0,13,0,0
2,30,21,99,4323,1,17,0,887,1800,80,0,0,255,0,13,0,0
2,30,21,99,4323,1,17,0,887,1800,80,0,0,255,0,13,0,0
2,30,21,99,4323,1,17,0,886,1800,80,0,0,255,0,13,0,0
2,30,21,99,4323,1,17,0,886,1800,80,0,0,255,0,13,0,0
